--
-- PostgreSQL database dump
--

\restrict 1DUaItdHGPzvzStL5cbXFwfw9k0BZxCyKNZCbu6he17FdBRbIa16rhpGXL550ad

-- Dumped from database version 18.4
-- Dumped by pg_dump version 18.4

SET statement_timeout = 0;
SET lock_timeout = 0;
SET idle_in_transaction_session_timeout = 0;
SET transaction_timeout = 0;
SET client_encoding = 'UTF8';
SET standard_conforming_strings = on;
SELECT pg_catalog.set_config('search_path', '', false);
SET check_function_bodies = false;
SET xmloption = content;
SET client_min_messages = warning;
SET row_security = off;

--
-- Data for Name: alembic_version; Type: TABLE DATA; Schema: public; Owner: postgres
--

COPY public.alembic_version (version_num) FROM stdin;
c8f7e9e86b3b
\.


--
-- Data for Name: audit_log; Type: TABLE DATA; Schema: public; Owner: postgres
--

COPY public.audit_log (audit_id, event_type, entity_type, entity_id, field_name, old_value, new_value, performed_by, "timestamp") FROM stdin;
1	LOGIN	USER	1	login		success	admin	2026-05-10 09:41:44+05:30
2	LOGIN	USER	1	login		success	admin	2026-05-10 09:44:02+05:30
3	LOGIN	USER	1	login		success	admin	2026-05-10 10:10:42+05:30
4	LOGIN	USER	1	login		success	admin	2026-05-10 10:29:53+05:30
5	LOGIN	USER	1	login		success	admin	2026-05-10 11:31:48+05:30
6	CREATE	EQUIPMENT	1	equipment_name		Reactor-101	admin	2026-05-10 11:33:44+05:30
7	CREATE	EQUIPMENT	2	equipment_name		Reactor-102	admin	2026-05-10 11:34:09+05:30
8	CREATE	EQUIPMENT	3	equipment_name		Reactor-103	admin	2026-05-10 11:34:33+05:30
9	CREATE	EQUIPMENT	4	equipment_name		Reactor-104	admin	2026-05-10 11:34:57+05:30
10	CREATE	EQUIPMENT	5	equipment_name		Reactor-105	admin	2026-05-10 11:35:30+05:30
11	CREATE	EQUIPMENT	6	equipment_name		ANFD-101	admin	2026-05-10 11:35:54+05:30
12	CREATE	EQUIPMENT	7	equipment_name		ANFD-102	admin	2026-05-10 11:36:12+05:30
13	CREATE	EQUIPMENT	8	equipment_name		SFT-101	admin	2026-05-10 11:36:59+05:30
14	CREATE	EQUIPMENT	9	equipment_name		SFT-102	admin	2026-05-10 11:37:25+05:30
15	CREATE	EQUIPMENT	10	equipment_name		SFT-103	admin	2026-05-10 11:37:45+05:30
16	CREATE	EQUIPMENT	11	equipment_name		MM-101	admin	2026-05-10 11:37:59+05:30
17	CREATE	EQUIPMENT	12	equipment_name		MM-102	admin	2026-05-10 11:38:29+05:30
18	CREATE	EQUIPMENT	13	equipment_name		Reactor-201	admin	2026-05-10 11:39:05+05:30
19	CREATE	EQUIPMENT	14	equipment_name		Reactor-202	admin	2026-05-10 11:39:24+05:30
20	CREATE	EQUIPMENT	15	equipment_name		Reactor-203	admin	2026-05-10 11:39:51+05:30
21	CREATE	EQUIPMENT	16	equipment_name		Reactor-204	admin	2026-05-10 11:40:30+05:30
22	CREATE	EQUIPMENT	17	equipment_name		Reactor-205	admin	2026-05-10 11:41:11+05:30
23	CREATE	EQUIPMENT	18	equipment_name		ANFD-201	admin	2026-05-10 11:41:28+05:30
24	CREATE	EQUIPMENT	19	equipment_name		ANFD-202	admin	2026-05-10 11:41:49+05:30
25	CREATE	EQUIPMENT	20	equipment_name		SFT-201	admin	2026-05-10 11:42:12+05:30
26	CREATE	EQUIPMENT	21	equipment_name		SFT-202	admin	2026-05-10 11:43:35+05:30
27	CREATE	EQUIPMENT	22	equipment_name		SFT-203	admin	2026-05-10 11:43:58+05:30
28	CREATE	EQUIPMENT	23	equipment_name		MM-201	admin	2026-05-10 11:44:20+05:30
29	CREATE	EQUIPMENT	24	equipment_name		MM-202	admin	2026-05-10 11:44:41+05:30
30	CREATE	PRODUCT	1	product_name		Imatinib	admin	2026-05-10 11:46:51+05:30
31	CREATE	PRODUCT	2	product_name		Abiraterone	admin	2026-05-10 11:48:11+05:30
32	CREATE	PRODUCT	3	product_name		Letrazole	admin	2026-05-10 11:50:47+05:30
33	CREATE	PRODUCT	4	product_name		Sorafenib	admin	2026-05-10 11:52:47+05:30
34	CREATE	PRODUCT	5	product_name		Nilotinib 	admin	2026-05-10 11:53:45+05:30
35	CREATE	PRODUCT	6	product_name		Pomalidomide	admin	2026-05-10 11:55:14+05:30
36	CREATE	PRODUCT	7	product_name		Lenalidomide	admin	2026-05-10 11:56:37+05:30
37	MACO_MATRIX	PRODUCT	1	matrix_run		governing_maco=0.3157894736842105	admin	2026-05-10 11:56:57+05:30
38	CREATE	USER	2	username		normaluser	admin	2026-05-10 12:01:05+05:30
39	CREATE	USER	3	username		kumarQA	admin	2026-05-10 12:01:15+05:30
40	UPDATE	EQUIPMENT	1	surface_area/rinse_volume	area=21117.0in² rinse=84.0L	area=21117.0in² rinse=20.0L	admin | Reason: Wrongly entered	2026-05-10 12:05:32+05:30
41	UPDATE	EQUIPMENT	2	surface_area/rinse_volume	area=21539.0in² rinse=86.0L	area=21539.0in² rinse=20.0L	admin | Reason: wrongly update	2026-05-10 12:05:50+05:30
42	UPDATE	EQUIPMENT	3	surface_area/rinse_volume	area=21970.0in² rinse=88.0L	area=21970.0in² rinse=28.0L	admin | Reason: Wrongly updated	2026-05-10 12:06:03+05:30
43	UPDATE	EQUIPMENT	4	surface_area/rinse_volume	area=21970.0in² rinse=88.0L	area=21970.0in² rinse=30.0L	admin | Reason: Wrongly updated	2026-05-10 12:06:20+05:30
44	UPDATE	EQUIPMENT	5	surface_area/rinse_volume	area=22858.0in² rinse=91.0L	area=22858.0in² rinse=31.0L	admin | Reason: wrongly udpated	2026-05-10 12:06:36+05:30
45	UPDATE	EQUIPMENT	6	surface_area/rinse_volume	area=11117.0in² rinse=44.0L	area=11117.0in² rinse=24.0L	admin | Reason: wrongly updated. 	2026-05-10 12:06:57+05:30
46	UPDATE	EQUIPMENT	7	surface_area/rinse_volume	area=11339.0in² rinse=45.0L	area=11339.0in² rinse=25.0L	admin | Reason: Wrongly updated	2026-05-10 12:07:17+05:30
47	UPDATE	EQUIPMENT	13	surface_area/rinse_volume	area=21117.0in² rinse=84.0L	area=21117.0in² rinse=25.0L	admin | Reason: wrongly updated	2026-05-10 12:07:37+05:30
48	UPDATE	EQUIPMENT	14	surface_area/rinse_volume	area=21539.0in² rinse=86.0L	area=21539.0in² rinse=25.0L	admin | Reason: wrongly updated	2026-05-10 12:07:57+05:30
49	UPDATE	EQUIPMENT	15	surface_area/rinse_volume	area=21970.0in² rinse=88.0L	area=21970.0in² rinse=28.0L	admin | Reason: wrongly updated. 	2026-05-10 12:08:11+05:30
50	UPDATE	EQUIPMENT	16	surface_area/rinse_volume	area=22410.0in² rinse=90.0L	area=22410.0in² rinse=90.0L	admin | Reason: wrongly updated	2026-05-10 12:08:23+05:30
51	UPDATE	EQUIPMENT	16	surface_area/rinse_volume	area=22410.0in² rinse=90.0L	area=22410.0in² rinse=30.0L	admin | Reason: wrongly udpated	2026-05-10 12:08:40+05:30
52	UPDATE	EQUIPMENT	17	surface_area/rinse_volume	area=22858.0in² rinse=91.0L	area=22858.0in² rinse=21.0L	admin | Reason: wrongly updated	2026-05-10 12:08:59+05:30
53	UPDATE	EQUIPMENT	18	surface_area/rinse_volume	area=11117.0in² rinse=44.0L	area=11117.0in² rinse=21.0L	admin | Reason: wrongly updated	2026-05-10 12:09:15+05:30
54	UPDATE	EQUIPMENT	19	surface_area/rinse_volume	area=11339.0in² rinse=45.0L	area=11339.0in² rinse=20.0L	admin | Reason: wrongly updated	2026-05-10 12:09:37+05:30
55	UPDATE	EQUIPMENT	20	surface_area/rinse_volume	area=11566.0in² rinse=46.0L	area=11566.0in² rinse=22.0L	admin | Reason: wrongly updated	2026-05-10 12:09:53+05:30
56	UPDATE	EQUIPMENT	21	surface_area/rinse_volume	area=11797.0in² rinse=47.0L	area=11797.0in² rinse=21.0L	admin | Reason: wrongly updated	2026-05-10 12:10:11+05:30
57	UPDATE	EQUIPMENT	22	surface_area/rinse_volume	area=12033.0in² rinse=48.0L	area=12033.0in² rinse=21.0L	admin | Reason: wrongly updated	2026-05-10 12:10:25+05:30
58	UPDATE	EQUIPMENT	23	surface_area/rinse_volume	area=12274.0in² rinse=49.0L	area=12274.0in² rinse=20.0L	admin | Reason: wrongly udpated	2026-05-10 12:10:48+05:30
59	UPDATE	EQUIPMENT	24	surface_area/rinse_volume	area=12520.0in² rinse=50.0L	area=12520.0in² rinse=10.0L	admin | Reason: wrongly udpated	2026-05-10 12:11:05+05:30
60	MACO_MATRIX	PRODUCT	1	matrix_run		governing_maco=0.3157894736842105	admin	2026-05-10 12:11:15+05:30
61	LOGIN	USER	1	login		success	admin	2026-05-10 12:23:59+05:30
62	MACO_MATRIX	PRODUCT	1	matrix_run		governing_maco=3131.2500000000005	admin	2026-05-10 12:24:06+05:30
63	MACO_MATRIX	PRODUCT	2	matrix_run		governing_maco=4687.5	admin	2026-05-10 12:27:12+05:30
64	MACO_MATRIX	PRODUCT	1	matrix_run		governing_maco=3131.2500000000005	admin	2026-05-10 12:31:12+05:30
65	MACO_MATRIX	PRODUCT	1	matrix_run		governing_maco=3131.2500000000005	admin	2026-05-10 12:35:00+05:30
66	MACO_MATRIX	PRODUCT	2	matrix_run		governing_maco=4687.5	admin	2026-05-10 12:35:00+05:30
67	MACO_MATRIX	PRODUCT	4	matrix_run		governing_maco=2249.9999999999995	admin	2026-05-10 12:35:00+05:30
211	LOGIN	USER	1	login		success	admin	2026-05-17 06:44:10+05:30
68	MACO_MATRIX	PRODUCT	5	matrix_run		governing_maco=6000.0	admin	2026-05-10 12:35:00+05:30
69	MACO_MATRIX	PRODUCT	1	matrix_run		governing_maco=3131.2500000000005	admin	2026-05-10 12:53:37+05:30
70	MACO_MATRIX	PRODUCT	1	matrix_run		governing_maco=3131.2500000000005	admin	2026-05-10 12:54:10+05:30
71	MACO_MATRIX	PRODUCT	2	matrix_run		governing_maco=4687.5	admin	2026-05-10 12:54:10+05:30
72	MACO_MATRIX	PRODUCT	4	matrix_run		governing_maco=2249.9999999999995	admin	2026-05-10 12:54:10+05:30
73	MACO_MATRIX	PRODUCT	5	matrix_run		governing_maco=6000.0	admin	2026-05-10 12:54:10+05:30
74	LOGIN	USER	1	login		success	admin	2026-05-11 13:27:53+05:30
75	MACO_MATRIX	PRODUCT	1	matrix_run		governing_maco=3131.2500000000005	admin	2026-05-11 14:04:38+05:30
76	LOGIN	USER	1	login		success	admin	2026-05-11 14:06:15+05:30
77	LOGIN	USER	1	login		success	admin	2026-05-11 16:05:59+05:30
78	LOGIN	USER	1	login		success	admin	2026-05-12 04:03:29+05:30
79	MACO_MATRIX	PRODUCT	1	matrix_run		governing_maco=3131.2500000000005	admin	2026-05-12 04:09:40+05:30
80	MACO_MATRIX	PRODUCT	3	matrix_run		governing_maco=200.0	admin	2026-05-12 04:10:49+05:30
81	MACO_MATRIX	PRODUCT	6	matrix_run		governing_maco=30000.0	admin	2026-05-12 04:10:49+05:30
82	MACO_MATRIX	PRODUCT	7	matrix_run		governing_maco=200.0	admin	2026-05-12 04:10:49+05:30
83	MACO_MATRIX	PRODUCT	1	matrix_run		governing_maco=3131.2500000000005	admin	2026-05-12 04:37:58+05:30
84	MACO_MATRIX	PRODUCT	1	matrix_run		governing_maco=3131.2500000000005	admin	2026-05-12 04:39:17+05:30
85	MACO_MATRIX	PRODUCT	2	matrix_run		governing_maco=4687.5	admin	2026-05-12 04:39:17+05:30
86	MACO_MATRIX	PRODUCT	4	matrix_run		governing_maco=2249.9999999999995	admin	2026-05-12 04:39:17+05:30
87	MACO_MATRIX	PRODUCT	5	matrix_run		governing_maco=6000.0	admin	2026-05-12 04:39:17+05:30
88	LOGIN	USER	1	login		success	admin	2026-05-12 10:05:49+05:30
89	LOGIN	USER	1	login		success	admin	2026-05-12 10:13:13+05:30
90	LOGIN	USER	1	login		success	admin	2026-05-12 14:53:33+05:30
91	LOGIN	USER	1	login		success	admin	2026-05-14 15:45:40+05:30
92	LOGIN	USER	1	login		success	admin	2026-05-14 15:50:00+05:30
93	LOGIN	USER	1	login		success	admin	2026-05-14 15:51:51+05:30
94	LOGIN	USER	1	login		success	admin	2026-05-14 15:58:41+05:30
95	LOGIN	USER	1	login		success	admin	2026-05-14 16:05:01+05:30
96	LOGIN	USER	1	login		success	admin	2026-05-14 16:05:07+05:30
97	LOGIN	USER	1	login		success	admin	2026-05-15 15:29:32+05:30
98	LOGIN	USER	1	login		success	admin	2026-05-15 15:50:24+05:30
99	LOGIN	USER	1	login		success	admin	2026-05-15 16:05:09+05:30
100	LOGIN	USER	1	login		success	admin	2026-05-15 16:05:24+05:30
101	LOGIN	USER	1	login		success	admin	2026-05-15 16:20:00+05:30
102	LOGIN	USER	1	login		success	admin	2026-05-15 16:20:04+05:30
103	LOGIN	USER	1	login		success	admin	2026-05-16 14:08:42+05:30
104	LOGIN	USER	1	login		success	admin	2026-05-16 14:19:36+05:30
105	LOGIN	USER	1	login		success	admin	2026-05-16 14:56:27+05:30
106	LOGIN	USER	1	login		success	admin	2026-05-16 14:57:47+05:30
107	LOGIN	USER	1	login		success	admin	2026-05-16 15:24:15+05:30
108	LOGIN	USER	1	login		success	admin	2026-05-16 15:24:37+05:30
109	LOGIN	USER	1	login		success	admin	2026-05-16 15:26:35+05:30
110	LOGIN	USER	1	login		success	admin	2026-05-16 15:29:17+05:30
111	LOGIN	USER	1	login		success	admin	2026-05-16 15:44:04+05:30
112	LOGIN	USER	1	login		success	admin	2026-05-16 15:56:31+05:30
113	UPDATE	PRODUCT	1	min_yield_kg	45.0	46.0	admin | Reason: admin	2026-05-16 15:56:51+05:30
114	LOGIN	USER	1	login		success	admin	2026-05-16 16:14:52+05:30
115	LOGIN	USER	1	login		success	admin	2026-05-16 17:04:21+05:30
116	LOGIN	USER	1	login		success	admin	2026-05-16 17:07:31+05:30
117	LOGIN	USER	1	login		success	admin	2026-05-16 17:11:08+05:30
118	RESET_PASSWORD	USER	2	password		reset by admin	admin	2026-05-16 17:11:21+05:30
119	LOGIN	USER	2	login		success	normaluser	2026-05-16 17:11:44+05:30
120	CHANGE_PASSWORD	USER	2	password		changed by user	normaluser	2026-05-16 17:11:59+05:30
121	LOGIN_FAIL	USER	admin	login		failed	admin	2026-05-16 17:15:10+05:30
122	LOGIN_FAIL	USER	admin	login		failed	admin	2026-05-16 17:15:15+05:30
123	LOGIN_FAIL	USER	admin	login		failed	admin	2026-05-16 17:15:26+05:30
124	LOGIN_FAIL	USER	admin	login		failed	admin	2026-05-16 17:15:58+05:30
125	LOGIN_FAIL	USER	admin	login		failed	admin	2026-05-16 17:16:24+05:30
126	LOGIN	USER	1	login		success	admin	2026-05-16 17:18:20+05:30
127	MACO_MATRIX	PRODUCT	3	matrix_run		governing_maco=200.0	admin	2026-05-16 17:26:36+05:30
128	MACO_MATRIX	PRODUCT	1	matrix_run		governing_maco=3131.2500000000005	admin	2026-05-16 17:29:00+05:30
129	LOGIN	USER	1	login		success	admin	2026-05-16 17:37:36+05:30
130	UPDATE	SYSTEM	0	maco_policy	all_min	pde_dose_min	admin	2026-05-16 17:37:58+05:30
131	UPDATE	SYSTEM	0	maco_policy	pde_dose_min	all_min	admin	2026-05-16 17:38:09+05:30
132	MACO_MATRIX	PRODUCT	1	matrix_run		governing_maco=3131.2500000000005	admin	2026-05-16 17:38:21+05:30
133	MACO_MATRIX	PRODUCT	3	matrix_run		governing_maco=200.0	admin	2026-05-16 17:42:55+05:30
134	MACO_MATRIX	PRODUCT	3	matrix_run		governing_maco=200.0	admin	2026-05-16 17:45:08+05:30
135	MACO_MATRIX	PRODUCT	1	matrix_run		governing_maco=3131.2500000000005	admin	2026-05-16 17:58:35+05:30
136	MACO_MATRIX	PRODUCT	1	matrix_run		governing_maco=3131.2500000000005	admin	2026-05-16 18:02:38+05:30
137	MACO_MATRIX	PRODUCT	3	matrix_run		governing_maco=200.0	admin	2026-05-16 18:31:31+05:30
138	LOGIN	USER	1	login		success	admin	2026-05-17 02:29:04+05:30
139	MACO_MATRIX	PRODUCT	1	matrix_run		governing_maco=3131.2500000000005	admin	2026-05-17 02:29:14+05:30
140	MACO_MATRIX	PRODUCT	1	matrix_run		governing_maco=3131.2500000000005	admin	2026-05-17 02:38:04+05:30
141	MACO_MATRIX	PRODUCT	1	matrix_run		governing_maco=3131.2500000000005	admin	2026-05-17 02:43:42+05:30
142	MACO_MATRIX	PRODUCT	1	matrix_run		governing_maco=3131.2500000000005	admin	2026-05-17 02:45:17+05:30
143	LOGIN	USER	1	login		success	admin	2026-05-17 03:05:15+05:30
144	LOGIN	USER	1	login		success	admin	2026-05-17 03:18:41+05:30
145	LOGIN	USER	1	login		success	admin	2026-05-17 03:19:06+05:30
146	LOGIN	USER	1	login		success	admin	2026-05-17 03:27:20+05:30
147	MACO_MATRIX	PRODUCT	1	matrix_run		governing_maco=3131.2500000000005	admin	2026-05-17 03:34:08+05:30
148	MACO_MATRIX	PRODUCT	1	matrix_run		governing_maco=3131.2500000000005	admin	2026-05-17 03:37:05+05:30
149	MACO_MATRIX	PRODUCT	1	matrix_run		governing_maco=3131.2500000000005	admin	2026-05-17 03:37:17+05:30
150	MACO_MATRIX	PRODUCT	2	matrix_run		governing_maco=4687.5	admin	2026-05-17 03:37:17+05:30
151	MACO_MATRIX	PRODUCT	4	matrix_run		governing_maco=2249.9999999999995	admin	2026-05-17 03:37:17+05:30
152	MACO_MATRIX	PRODUCT	5	matrix_run		governing_maco=6000.0	admin	2026-05-17 03:37:17+05:30
153	LOGIN	USER	1	login		success	admin	2026-05-17 04:52:59+05:30
154	LOGIN	USER	1	login		success	admin	2026-05-17 05:06:59+05:30
212	LOGIN	USER	1	login		success	admin	2026-05-17 06:48:58+05:30
155	UPDATE	EQUIPMENT	1	surface_area/rinse_volume/category	area=21117.0in² rinse=20.0L cat=None	area=21117.0in² rinse=20.0L cat=1	admin | Reason: category updated. 	2026-05-17 05:07:27+05:30
156	UPDATE	EQUIPMENT	2	surface_area/rinse_volume/category	area=21539.0in² rinse=20.0L cat=None	area=21539.0in² rinse=20.0L cat=1	admin | Reason: category updated. 	2026-05-17 05:07:45+05:30
157	UPDATE	EQUIPMENT	3	surface_area/rinse_volume/category	area=21970.0in² rinse=28.0L cat=None	area=21970.0in² rinse=28.0L cat=1	admin | Reason: category updated. 	2026-05-17 05:08:03+05:30
158	UPDATE	EQUIPMENT	4	surface_area/rinse_volume/category	area=21970.0in² rinse=30.0L cat=None	area=21970.0in² rinse=30.0L cat=1	admin | Reason: category updated. 	2026-05-17 05:08:20+05:30
159	UPDATE	EQUIPMENT	5	surface_area/rinse_volume/category	area=22858.0in² rinse=31.0L cat=None	area=22858.0in² rinse=31.0L cat=1	admin | Reason: category updated. 	2026-05-17 05:08:42+05:30
160	UPDATE	EQUIPMENT	6	surface_area/rinse_volume/category	area=11117.0in² rinse=24.0L cat=None	area=11117.0in² rinse=24.0L cat=2	admin | Reason: category updated. 	2026-05-17 05:09:02+05:30
161	UPDATE	EQUIPMENT	7	surface_area/rinse_volume/category	area=11339.0in² rinse=25.0L cat=None	area=11339.0in² rinse=25.0L cat=2	admin | Reason: category updated. 	2026-05-17 05:09:20+05:30
162	UPDATE	EQUIPMENT	8	surface_area/rinse_volume/category	area=5086.0in² rinse=20.0L cat=None	area=5086.0in² rinse=20.0L cat=2	admin | Reason: category updated. 	2026-05-17 05:09:33+05:30
163	UPDATE	EQUIPMENT	8	surface_area/rinse_volume/category	area=5086.0in² rinse=20.0L cat=2	area=5086.0in² rinse=20.0L cat=2	admin | Reason: category updated. 	2026-05-17 05:09:45+05:30
164	UPDATE	EQUIPMENT	9	surface_area/rinse_volume/category	area=5188.0in² rinse=21.0L cat=None	area=5188.0in² rinse=21.0L cat=3	admin | Reason: category updated. 	2026-05-17 05:10:03+05:30
165	UPDATE	EQUIPMENT	8	surface_area/rinse_volume/category	area=5086.0in² rinse=20.0L cat=2	area=5086.0in² rinse=20.0L cat=3	admin | Reason: category updated. 	2026-05-17 05:10:20+05:30
166	UPDATE	EQUIPMENT	10	surface_area/rinse_volume/category	area=5291.0in² rinse=21.0L cat=None	area=5291.0in² rinse=21.0L cat=3	admin | Reason: category updated. 	2026-05-17 05:10:35+05:30
167	LOGIN	USER	1	login		success	admin	2026-05-17 05:11:53+05:30
168	UPDATE	EQUIPMENT	11	surface_area/rinse_volume/category	area=5397.0in² rinse=22.0L cat=None	area=5397.0in² rinse=22.0L cat=4	admin | Reason: category updated. 	2026-05-17 05:12:11+05:30
169	UPDATE	EQUIPMENT	12	surface_area/rinse_volume/category	area=5505.0in² rinse=22.0L cat=None	area=5505.0in² rinse=22.0L cat=4	admin | Reason: category updated. 	2026-05-17 05:12:25+05:30
170	LOGIN	USER	1	login		success	admin	2026-05-17 05:13:19+05:30
171	CREATE	EQUIPMENT_CATEGORY	5	category_name		admin	admin	2026-05-17 05:13:27+05:30
172	UPDATE	EQUIPMENT	13	surface_area/rinse_volume/category	area=21117.0in² rinse=25.0L cat=None	area=21117.0in² rinse=25.0L cat=1	admin | Reason: category updated. 	2026-05-17 05:14:42+05:30
173	UPDATE	EQUIPMENT	14	surface_area/rinse_volume/category	area=21539.0in² rinse=25.0L cat=None	area=21539.0in² rinse=25.0L cat=1	admin | Reason: category updated. 	2026-05-17 05:17:30+05:30
174	UPDATE	EQUIPMENT	15	surface_area/rinse_volume/category	area=21970.0in² rinse=28.0L cat=None	area=21970.0in² rinse=28.0L cat=1	admin | Reason: category updated. 	2026-05-17 05:17:40+05:30
175	UPDATE	EQUIPMENT	16	surface_area/rinse_volume/category	area=22410.0in² rinse=30.0L cat=None	area=22410.0in² rinse=30.0L cat=1	admin | Reason: category updated. 	2026-05-17 05:17:54+05:30
176	UPDATE	EQUIPMENT	17	surface_area/rinse_volume/category	area=22858.0in² rinse=21.0L cat=None	area=22858.0in² rinse=21.0L cat=1	admin | Reason: category updated. 	2026-05-17 05:18:05+05:30
177	UPDATE	EQUIPMENT	18	surface_area/rinse_volume/category	area=11117.0in² rinse=21.0L cat=None	area=11117.0in² rinse=21.0L cat=2	admin | Reason: category updated. 	2026-05-17 05:18:17+05:30
178	UPDATE	EQUIPMENT	19	surface_area/rinse_volume/category	area=11339.0in² rinse=20.0L cat=None	area=11339.0in² rinse=20.0L cat=2	admin | Reason: category updated. 	2026-05-17 05:18:30+05:30
179	UPDATE	EQUIPMENT	20	surface_area/rinse_volume/category	area=11566.0in² rinse=22.0L cat=None	area=11566.0in² rinse=22.0L cat=3	admin | Reason: category updated. 	2026-05-17 05:18:47+05:30
180	LOGIN	USER	1	login		success	admin	2026-05-17 05:19:30+05:30
181	UPDATE	EQUIPMENT	21	surface_area/rinse_volume/category	area=11797.0in² rinse=21.0L cat=None	area=11797.0in² rinse=21.0L cat=3	admin | Reason: category updated. 	2026-05-17 05:19:30+05:30
182	UPDATE	EQUIPMENT	22	surface_area/rinse_volume/category	area=12033.0in² rinse=21.0L cat=None	area=12033.0in² rinse=21.0L cat=3	admin | Reason: category updated. 	2026-05-17 05:19:53+05:30
183	UPDATE	EQUIPMENT	23	surface_area/rinse_volume/category	area=12274.0in² rinse=20.0L cat=None	area=12274.0in² rinse=20.0L cat=4	admin | Reason: category updated. 	2026-05-17 05:20:07+05:30
184	UPDATE	EQUIPMENT	24	surface_area/rinse_volume/category	area=12520.0in² rinse=10.0L cat=None	area=12520.0in² rinse=10.0L cat=4	admin | Reason: category updated. 	2026-05-17 05:20:18+05:30
185	LOGIN	USER	1	login		success	admin	2026-05-17 05:24:27+05:30
186	DELETE	EQUIPMENT_CATEGORY	5	category_name	admin		admin	2026-05-17 05:25:23+05:30
187	LOGIN	USER	1	login		success	admin	2026-05-17 05:45:54+05:30
188	MACO_MATRIX	PRODUCT	1	matrix_run		governing_maco=3131.2500000000005	admin	2026-05-17 05:46:16+05:30
189	LOGIN	USER	1	login		success	admin	2026-05-17 05:54:12+05:30
190	MACO_MATRIX	PRODUCT	1	matrix_run		governing_maco=3131.2500000000005	admin	2026-05-17 05:54:20+05:30
191	CREATE	PROTOCOL_ARCHIVE	1	doc_number		CL-PROTO-0001-2026 v1	admin	2026-05-17 05:54:24+05:30
192	MACO_MATRIX	PRODUCT	1	matrix_run		governing_maco=3131.2500000000005	admin	2026-05-17 05:54:38+05:30
193	CREATE	PROTOCOL_ARCHIVE	2	doc_number		CL-PROTO-0001-2026 v2	admin	2026-05-17 05:54:44+05:30
194	LOGIN	USER	1	login		success	admin	2026-05-17 06:17:00+05:30
195	LOGIN	USER	1	login		success	admin	2026-05-17 06:26:47+05:30
196	LOGIN	USER	1	login		success	admin	2026-05-17 06:27:04+05:30
197	CREATE	USER	4	username		headQA	admin	2026-05-17 06:27:44+05:30
198	CREATE	SAMPLING_PLAN	1	sample_number		S-0001	admin	2026-05-17 06:31:05+05:30
199	CREATE	SAMPLING_PLAN	2	sample_number		S-0002	admin	2026-05-17 06:31:17+05:30
200	CREATE	SAMPLING_PLAN	3	sample_number		S-0003	admin	2026-05-17 06:31:30+05:30
201	CREATE	SAMPLING_PLAN	4	sample_number		S-0004	admin	2026-05-17 06:32:06+05:30
202	CREATE	SAMPLING_PLAN	5	sample_number		S-0005	admin	2026-05-17 06:32:22+05:30
203	CREATE	SAMPLING_PLAN	6	sample_number		S-0006	admin	2026-05-17 06:32:46+05:30
204	CREATE	SAMPLING_PLAN	7	sample_number		S-0007	admin	2026-05-17 06:32:59+05:30
205	CREATE	SAMPLING_PLAN	8	sample_number		S-0008	admin	2026-05-17 06:33:15+05:30
206	CREATE	SAMPLING_PLAN	9	sample_number		S-0009	admin	2026-05-17 06:33:32+05:30
207	CREATE	SAMPLING_PLAN	10	sample_number		S-0010	admin	2026-05-17 06:33:55+05:30
208	UPDATE	SAMPLING_PLAN	10	location_description	Discharge Port	Sifter Discharge Port	admin | admin	2026-05-17 06:34:11+05:30
209	CREATE	SAMPLING_PLAN	11	sample_number		S-0011	admin	2026-05-17 06:34:29+05:30
210	MACO_MATRIX	PRODUCT	1	matrix_run		governing_maco=3131.2500000000005	admin	2026-05-17 06:34:48+05:30
213	LOGIN	USER	1	login		success	admin	2026-05-17 09:21:06+05:30
214	LOGIN	USER	1	login		success	admin	2026-05-17 16:18:47.422566+05:30
215	MACO_MATRIX	PRODUCT	1	matrix_run		governing_maco=3131.2500000000005	admin	2026-05-17 16:19:28.002575+05:30
216	MACO_MATRIX	PRODUCT	2	matrix_run		governing_maco=4687.5	admin	2026-05-17 16:19:38.599348+05:30
217	MACO_MATRIX	PRODUCT	1	matrix_run		governing_maco=3131.2500000000005	admin	2026-05-17 16:19:38.676089+05:30
218	MACO_MATRIX	PRODUCT	5	matrix_run		governing_maco=6000.0	admin	2026-05-17 16:19:38.694929+05:30
219	MACO_MATRIX	PRODUCT	4	matrix_run		governing_maco=2249.9999999999995	admin	2026-05-17 16:19:38.712943+05:30
220	LOGIN	USER	1	login		success	admin	2026-05-17 16:24:17.667445+05:30
221	LOGIN	USER	1	login		success	admin	2026-05-17 16:24:29.308444+05:30
222	LOGIN	USER	1	login		success	admin	2026-05-17 16:52:38.936211+05:30
223	LOGIN	USER	1	login		success	admin	2026-05-17 16:52:41.160387+05:30
224	CREATE	CLEANING_REPORT	2	report_id		2	admin	2026-05-17 17:42:52.924001+05:30
225	MACO_MATRIX	PRODUCT	2	matrix_run		governing_maco=4687.5	admin	2026-05-17 17:47:15.899777+05:30
226	CREATE	PROTOCOL_ARCHIVE	3	doc_number		CL-PROTO-0002-2026 v1	admin	2026-05-17 17:47:47.86977+05:30
227	MACO_MATRIX	PRODUCT	2	matrix_run		governing_maco=4687.5	admin	2026-05-17 17:48:15.449305+05:30
228	CREATE	PROTOCOL_ARCHIVE	4	doc_number		CL-PROTO-0002-2026 v2	admin	2026-05-17 17:48:20.907676+05:30
229	LOGIN	USER	1	login		success	admin	2026-05-17 18:22:28.690703+05:30
230	LOGIN	USER	1	login		success	admin	2026-05-17 18:23:23.579668+05:30
231	LOGIN	USER	1	login		success	admin	2026-05-17 18:23:39.986902+05:30
232	LOGIN	USER	1	login		success	admin	2026-05-17 18:25:23.344132+05:30
233	LOGIN	USER	1	login		success	admin	2026-05-17 18:25:59.718288+05:30
234	LOGIN	USER	1	login		success	admin	2026-05-18 19:19:27.763835+05:30
235	LOGIN	USER	1	login		success	admin	2026-05-18 19:22:46.792526+05:30
236	MACO_MATRIX	PRODUCT	2	matrix_run		governing_maco=4687.5	admin	2026-05-18 19:26:09.652894+05:30
237	MACO_MATRIX	PRODUCT	5	matrix_run		governing_maco=6000.0	admin	2026-05-18 19:34:29.17424+05:30
238	MACO_MATRIX	PRODUCT	2	matrix_run		governing_maco=4687.5	admin	2026-05-18 20:00:57.866885+05:30
239	MACO_MATRIX	PRODUCT	7	matrix_run		governing_maco=200.0	admin	2026-05-18 20:01:16.996567+05:30
240	MACO_MATRIX	PRODUCT	3	matrix_run		governing_maco=200.0	admin	2026-05-18 20:01:17.055799+05:30
241	MACO_MATRIX	PRODUCT	6	matrix_run		governing_maco=30000.0	admin	2026-05-18 20:01:17.083645+05:30
242	MACO_MATRIX	PRODUCT	2	matrix_run		governing_maco=4687.5	admin	2026-05-18 20:02:00.361179+05:30
243	LOGIN	USER	1	login		success	admin	2026-05-18 20:55:26.749262+05:30
244	LOGIN	USER	1	login		success	admin	2026-05-19 20:44:37.88637+05:30
245	LOGIN	USER	1	login		success	admin	2026-05-19 21:07:29.667667+05:30
246	LOGIN	USER	1	login		success	admin	2026-05-19 21:24:43.532278+05:30
247	LOGIN	USER	1	login		success	admin	2026-05-19 21:26:43.621204+05:30
248	LOGIN	USER	1	login		success	admin	2026-05-19 21:32:59.939425+05:30
249	APPROVE	CLEANING_REPORT	2	status	Submitted	Approved	admin	2026-05-19 21:33:22.125205+05:30
250	CREATE	CCV	1	ccv_id		1	admin	2026-05-19 21:34:13.1111+05:30
251	CREATE	CCV	2	ccv_id		2	admin	2026-05-19 21:41:25.661078+05:30
252	LOGIN	USER	1	login		success	admin	2026-05-19 21:42:38.699664+05:30
253	LOGIN	USER	1	login		success	admin	2026-05-21 09:43:53.23468+05:30
254	LOGIN	USER	1	login		success	admin	2026-05-21 09:48:22.685721+05:30
255	LOGIN	USER	1	login		success	admin	2026-05-21 09:50:48.333932+05:30
256	LOGIN	USER	1	login		success	admin	2026-05-21 09:58:35.413339+05:30
257	LOGIN	USER	1	login		success	admin	2026-05-21 10:09:50.601361+05:30
258	LOGIN	USER	1	login		success	admin	2026-05-21 10:12:29.880148+05:30
259	LOGIN	USER	1	login		success	admin	2026-05-21 10:26:34.737014+05:30
260	LOGIN	USER	1	login		success	admin	2026-05-21 10:44:07.982148+05:30
261	LOGIN	USER	1	login		success	admin	2026-05-21 11:06:02.926568+05:30
262	MACO_MATRIX	PRODUCT	2	matrix_run		governing_maco=4687.5	admin	2026-05-21 11:07:51.244644+05:30
263	MACO_MATRIX	PRODUCT	2	matrix_run		governing_maco=4687.5	admin	2026-05-21 11:08:19.336831+05:30
264	MACO_MATRIX	PRODUCT	1	matrix_run		governing_maco=3131.2500000000005	admin	2026-05-21 11:08:19.508865+05:30
265	MACO_MATRIX	PRODUCT	5	matrix_run		governing_maco=6000.0	admin	2026-05-21 11:08:19.560858+05:30
266	MACO_MATRIX	PRODUCT	4	matrix_run		governing_maco=2249.9999999999995	admin	2026-05-21 11:08:19.617981+05:30
267	MACO_MATRIX	PRODUCT	1	matrix_run		governing_maco=3131.2500000000005	admin	2026-05-21 11:08:36.116583+05:30
268	MACO_MATRIX	PRODUCT	2	matrix_run		governing_maco=4687.5	admin	2026-05-21 11:16:37.932075+05:30
269	LOGIN	USER	1	login		success	admin	2026-05-21 12:35:30.2994+05:30
270	LOGIN	USER	1	login		success	admin	2026-05-21 12:35:34.93318+05:30
271	LOGIN	USER	1	login		success	admin	2026-05-21 12:35:42.945768+05:30
272	LOGIN	USER	1	login		success	admin	2026-05-21 12:37:17.880314+05:30
273	MACO_MATRIX	PRODUCT	5	matrix_run		governing_maco=6000.0	admin	2026-05-21 12:37:27.992381+05:30
274	LOGIN	USER	1	login		success	admin	2026-05-21 12:45:04.020153+05:30
275	LOGIN	USER	1	login		success	admin	2026-05-21 21:14:48.298874+05:30
276	LOGIN	USER	1	login		success	admin	2026-05-21 22:39:49.989455+05:30
\.


--
-- Data for Name: protocol_archive; Type: TABLE DATA; Schema: public; Owner: postgres
--

COPY public.protocol_archive (archive_id, doc_number, version, product_id, product_name, facility_name, generated_by, generated_at, snapshot_json, status) FROM stdin;
1	CL-PROTO-0001-2026	1	1	Imatinib	API-1	admin	2026-05-17T05:54:24.910760	{"result":{"run_id":20,"source":"Imatinib","analytical_method":"HPLC","lod_ppm":0.031,"loq_ppm":0.05,"governing_maco":3131.25,"policy":"all_min","policy_label":"All Methods \\u2014 Most Conservative (minimum of all applicable)","data":[{"target_product":"Abiraterone","shared_equipment":[{"name":"Reactor-101","surface_area_in2":21117,"rinse_volume_L":20},{"name":"Reactor-102","surface_area_in2":21539,"rinse_volume_L":20},{"name":"Reactor-103","surface_area_in2":21970,"rinse_volume_L":28},{"name":"SFT-103","surface_area_in2":5291,"rinse_volume_L":21},{"name":"MM-101","surface_area_in2":5397,"rinse_volume_L":22}],"maco_pde":5010,"maco_dose":12000,"maco_10ppm":300000,"governing_maco_pair":5010,"total_rinse_vol_L":111,"total_area_in2":75314,"rinse_limit_ppm":45.1351,"swab_limit_ppm":5.9869,"loq_ppm":0.05,"rinse_status":"PASS","swab_status":"PASS"},{"target_product":"Sorafenib","shared_equipment":[{"name":"Reactor-101","surface_area_in2":21117,"rinse_volume_L":20},{"name":"Reactor-102","surface_area_in2":21539,"rinse_volume_L":20},{"name":"Reactor-103","surface_area_in2":21970,"rinse_volume_L":28},{"name":"Reactor-104","surface_area_in2":21970,"rinse_volume_L":30},{"name":"ANFD-101","surface_area_in2":11117,"rinse_volume_L":24},{"name":"SFT-101","surface_area_in2":5086,"rinse_volume_L":20},{"name":"SFT-103","surface_area_in2":5291,"rinse_volume_L":21},{"name":"MM-101","surface_area_in2":5397,"rinse_volume_L":22}],"maco_pde":16700,"maco_dose":40000,"maco_10ppm":800000,"governing_maco_pair":16700,"total_rinse_vol_L":185,"total_area_in2":113487,"rinse_limit_ppm":90.2703,"swab_limit_ppm":13.2438,"loq_ppm":0.05,"rinse_status":"PASS","swab_status":"PASS"},{"target_product":"Nilotinib ","shared_equipment":[{"name":"Reactor-101","surface_area_in2":21117,"rinse_volume_L":20},{"name":"Reactor-102","surface_area_in2":21539,"rinse_volume_L":20},{"name":"SFT-103","surface_area_in2":5291,"rinse_volume_L":21},{"name":"MM-101","surface_area_in2":5397,"rinse_volume_L":22}],"maco_pde":3131.25,"maco_dose":7500,"maco_10ppm":150000,"governing_maco_pair":3131.25,"total_rinse_vol_L":83,"total_area_in2":53344,"rinse_limit_ppm":37.7259,"swab_limit_ppm":5.2829,"loq_ppm":0.05,"rinse_status":"PASS","swab_status":"PASS"}]},"sourceProduct":{"facility_id":1,"product_name":"Imatinib","max_daily_dose_mg":800,"min_yield_kg":46,"lod_ppm":0.031,"analytical_method":"HPLC","soluble_solvent":null,"archived_by":null,"product_id":1,"min_therapeutic_dose_mg":400,"pde_mg_day":0.167,"max_batch_size_kg":60,"loq_ppm":0.05,"solubility_usp":null,"is_archived":false,"archived_at":null},"facilityName":"API-1","docNumber":"CL-PROTO-0001-2026"}	Draft
2	CL-PROTO-0001-2026	2	1	Imatinib	API-1	admin	2026-05-17T05:54:44.250998	{"result":{"run_id":21,"source":"Imatinib","analytical_method":"HPLC","lod_ppm":0.031,"loq_ppm":0.05,"governing_maco":3131.25,"policy":"all_min","policy_label":"All Methods \\u2014 Most Conservative (minimum of all applicable)","data":[{"target_product":"Abiraterone","shared_equipment":[{"name":"Reactor-101","surface_area_in2":21117,"rinse_volume_L":20},{"name":"Reactor-102","surface_area_in2":21539,"rinse_volume_L":20},{"name":"Reactor-103","surface_area_in2":21970,"rinse_volume_L":28},{"name":"SFT-103","surface_area_in2":5291,"rinse_volume_L":21},{"name":"MM-101","surface_area_in2":5397,"rinse_volume_L":22}],"maco_pde":5010,"maco_dose":12000,"maco_10ppm":300000,"governing_maco_pair":5010,"total_rinse_vol_L":111,"total_area_in2":75314,"rinse_limit_ppm":45.1351,"swab_limit_ppm":5.9869,"loq_ppm":0.05,"rinse_status":"PASS","swab_status":"PASS"},{"target_product":"Sorafenib","shared_equipment":[{"name":"Reactor-101","surface_area_in2":21117,"rinse_volume_L":20},{"name":"Reactor-102","surface_area_in2":21539,"rinse_volume_L":20},{"name":"Reactor-103","surface_area_in2":21970,"rinse_volume_L":28},{"name":"Reactor-104","surface_area_in2":21970,"rinse_volume_L":30},{"name":"ANFD-101","surface_area_in2":11117,"rinse_volume_L":24},{"name":"SFT-101","surface_area_in2":5086,"rinse_volume_L":20},{"name":"SFT-103","surface_area_in2":5291,"rinse_volume_L":21},{"name":"MM-101","surface_area_in2":5397,"rinse_volume_L":22}],"maco_pde":16700,"maco_dose":40000,"maco_10ppm":800000,"governing_maco_pair":16700,"total_rinse_vol_L":185,"total_area_in2":113487,"rinse_limit_ppm":90.2703,"swab_limit_ppm":13.2438,"loq_ppm":0.05,"rinse_status":"PASS","swab_status":"PASS"},{"target_product":"Nilotinib ","shared_equipment":[{"name":"Reactor-101","surface_area_in2":21117,"rinse_volume_L":20},{"name":"Reactor-102","surface_area_in2":21539,"rinse_volume_L":20},{"name":"SFT-103","surface_area_in2":5291,"rinse_volume_L":21},{"name":"MM-101","surface_area_in2":5397,"rinse_volume_L":22}],"maco_pde":3131.25,"maco_dose":7500,"maco_10ppm":150000,"governing_maco_pair":3131.25,"total_rinse_vol_L":83,"total_area_in2":53344,"rinse_limit_ppm":37.7259,"swab_limit_ppm":5.2829,"loq_ppm":0.05,"rinse_status":"PASS","swab_status":"PASS"}]},"sourceProduct":{"facility_id":1,"product_name":"Imatinib","max_daily_dose_mg":800,"min_yield_kg":46,"lod_ppm":0.031,"analytical_method":"HPLC","soluble_solvent":null,"archived_by":null,"product_id":1,"min_therapeutic_dose_mg":400,"pde_mg_day":0.167,"max_batch_size_kg":60,"loq_ppm":0.05,"solubility_usp":null,"is_archived":false,"archived_at":null},"facilityName":"API-1","docNumber":"CL-PROTO-0001-2026"}	Final
3	CL-PROTO-0002-2026	1	2	Abiraterone	API-1	admin	2026-05-17T12:17:47.849534	{"result":{"run_id":28,"source":"Abiraterone","analytical_method":"HPLC","lod_ppm":0.6,"loq_ppm":1.5,"governing_maco":4687.5,"policy":"all_min","policy_label":"All Methods \\u2014 Most Conservative (minimum of all applicable)","data":[{"target_product":"Imatinib","shared_equipment":[{"name":"Reactor-101","category_id":1,"category_name":"Reactor","surface_area_in2":21117,"rinse_volume_L":20},{"name":"Reactor-102","category_id":1,"category_name":"Reactor","surface_area_in2":21539,"rinse_volume_L":20},{"name":"Reactor-103","category_id":1,"category_name":"Reactor","surface_area_in2":21970,"rinse_volume_L":28},{"name":"SFT-103","category_id":3,"category_name":"Sifter","surface_area_in2":5291,"rinse_volume_L":21},{"name":"MM-101","category_id":4,"category_name":"Multi Mill","surface_area_in2":5397,"rinse_volume_L":22}],"maco_pde":15985,"maco_dose":14375,"maco_10ppm":460000,"governing_maco_pair":14375,"total_rinse_vol_L":111,"total_area_in2":75314,"rinse_limit_ppm":129.5045,"swab_limit_ppm":17.1781,"loq_ppm":1.5,"rinse_status":"PASS","swab_status":"PASS"},{"target_product":"Sorafenib","shared_equipment":[{"name":"Reactor-101","category_id":1,"category_name":"Reactor","surface_area_in2":21117,"rinse_volume_L":20},{"name":"Reactor-102","category_id":1,"category_name":"Reactor","surface_area_in2":21539,"rinse_volume_L":20},{"name":"Reactor-103","category_id":1,"category_name":"Reactor","surface_area_in2":21970,"rinse_volume_L":28},{"name":"ANFD-102","category_id":2,"category_name":"Agitated Nutsche Filter Drier","surface_area_in2":11339,"rinse_volume_L":25},{"name":"SFT-102","category_id":3,"category_name":"Sifter","surface_area_in2":5188,"rinse_volume_L":21},{"name":"SFT-103","category_id":3,"category_name":"Sifter","surface_area_in2":5291,"rinse_volume_L":21},{"name":"MM-101","category_id":4,"category_name":"Multi Mill","surface_area_in2":5397,"rinse_volume_L":22}],"maco_pde":27800,"maco_dose":25000,"maco_10ppm":800000,"governing_maco_pair":25000,"total_rinse_vol_L":157,"total_area_in2":91841,"rinse_limit_ppm":159.2357,"swab_limit_ppm":24.4989,"loq_ppm":1.5,"rinse_status":"PASS","swab_status":"PASS"},{"target_product":"Nilotinib ","shared_equipment":[{"name":"Reactor-101","category_id":1,"category_name":"Reactor","surface_area_in2":21117,"rinse_volume_L":20},{"name":"Reactor-102","category_id":1,"category_name":"Reactor","surface_area_in2":21539,"rinse_volume_L":20},{"name":"ANFD-102","category_id":2,"category_name":"Agitated Nutsche Filter Drier","surface_area_in2":11339,"rinse_volume_L":25},{"name":"SFT-102","category_id":3,"category_name":"Sifter","surface_area_in2":5188,"rinse_volume_L":21},{"name":"SFT-103","category_id":3,"category_name":"Sifter","surface_area_in2":5291,"rinse_volume_L":21},{"name":"MM-101","category_id":4,"category_name":"Multi Mill","surface_area_in2":5397,"rinse_volume_L":22}],"maco_pde":5212.5,"maco_dose":4687.5,"maco_10ppm":150000,"governing_maco_pair":4687.5,"total_rinse_vol_L":129,"total_area_in2":69871,"rinse_limit_ppm":36.3372,"swab_limit_ppm":6.0379,"loq_ppm":1.5,"rinse_status":"PASS","swab_status":"PASS"}]},"sourceProduct":{"min_therapeutic_dose_mg":250,"product_id":2,"pde_mg_day":0.278,"max_batch_size_kg":38,"loq_ppm":1.5,"solubility_usp":null,"is_archived":false,"archived_at":null,"max_daily_dose_mg":1000,"product_name":"Abiraterone","facility_id":1,"min_yield_kg":30,"lod_ppm":0.6,"analytical_method":"HPLC","soluble_solvent":null,"archived_by":null},"facilityName":"API-1","docNumber":"CL-PROTO-0002-2026","samplingPlan":[{"category_id":2,"category_name":"Agitated Nutsche Filter Drier","entries":[{"entry_id":1,"sample_number":"S-0001","location_description":"Shaft","sequence":1},{"entry_id":2,"sample_number":"S-0002","location_description":"Gasket","sequence":2},{"entry_id":3,"sample_number":"S-0003","location_description":"Discharge Port","sequence":3},{"entry_id":4,"sample_number":"S-0004","location_description":"Base Plate","sequence":4}]},{"category_id":4,"category_name":"Multi Mill","entries":[{"entry_id":5,"sample_number":"S-0005","location_description":"Blades","sequence":1},{"entry_id":6,"sample_number":"S-0006","location_description":"Inner wall","sequence":2}]},{"category_id":1,"category_name":"Reactor","entries":[{"entry_id":7,"sample_number":"S-0007","location_description":"Agitator Shaft","sequence":1},{"entry_id":8,"sample_number":"S-0008","location_description":"Bottom Valve","sequence":2},{"entry_id":9,"sample_number":"S-0009","location_description":"Inner Wall","sequence":3}]},{"category_id":3,"category_name":"Sifter","entries":[{"entry_id":10,"sample_number":"S-0010","location_description":"Sifter Discharge Port","sequence":1},{"entry_id":11,"sample_number":"S-0011","location_description":"Grooves","sequence":2}]}]}	Final
4	CL-PROTO-0002-2026	2	2	Abiraterone	API-1	admin	2026-05-17T12:18:20.901740	{"result":{"run_id":29,"source":"Abiraterone","analytical_method":"HPLC","lod_ppm":0.6,"loq_ppm":1.5,"governing_maco":4687.5,"policy":"all_min","policy_label":"All Methods \\u2014 Most Conservative (minimum of all applicable)","data":[{"target_product":"Imatinib","shared_equipment":[{"name":"Reactor-101","category_id":1,"category_name":"Reactor","surface_area_in2":21117,"rinse_volume_L":20},{"name":"Reactor-102","category_id":1,"category_name":"Reactor","surface_area_in2":21539,"rinse_volume_L":20},{"name":"Reactor-103","category_id":1,"category_name":"Reactor","surface_area_in2":21970,"rinse_volume_L":28},{"name":"SFT-103","category_id":3,"category_name":"Sifter","surface_area_in2":5291,"rinse_volume_L":21},{"name":"MM-101","category_id":4,"category_name":"Multi Mill","surface_area_in2":5397,"rinse_volume_L":22}],"maco_pde":15985,"maco_dose":14375,"maco_10ppm":460000,"governing_maco_pair":14375,"total_rinse_vol_L":111,"total_area_in2":75314,"rinse_limit_ppm":129.5045,"swab_limit_ppm":17.1781,"loq_ppm":1.5,"rinse_status":"PASS","swab_status":"PASS"},{"target_product":"Sorafenib","shared_equipment":[{"name":"Reactor-101","category_id":1,"category_name":"Reactor","surface_area_in2":21117,"rinse_volume_L":20},{"name":"Reactor-102","category_id":1,"category_name":"Reactor","surface_area_in2":21539,"rinse_volume_L":20},{"name":"Reactor-103","category_id":1,"category_name":"Reactor","surface_area_in2":21970,"rinse_volume_L":28},{"name":"ANFD-102","category_id":2,"category_name":"Agitated Nutsche Filter Drier","surface_area_in2":11339,"rinse_volume_L":25},{"name":"SFT-102","category_id":3,"category_name":"Sifter","surface_area_in2":5188,"rinse_volume_L":21},{"name":"SFT-103","category_id":3,"category_name":"Sifter","surface_area_in2":5291,"rinse_volume_L":21},{"name":"MM-101","category_id":4,"category_name":"Multi Mill","surface_area_in2":5397,"rinse_volume_L":22}],"maco_pde":27800,"maco_dose":25000,"maco_10ppm":800000,"governing_maco_pair":25000,"total_rinse_vol_L":157,"total_area_in2":91841,"rinse_limit_ppm":159.2357,"swab_limit_ppm":24.4989,"loq_ppm":1.5,"rinse_status":"PASS","swab_status":"PASS"},{"target_product":"Nilotinib ","shared_equipment":[{"name":"Reactor-101","category_id":1,"category_name":"Reactor","surface_area_in2":21117,"rinse_volume_L":20},{"name":"Reactor-102","category_id":1,"category_name":"Reactor","surface_area_in2":21539,"rinse_volume_L":20},{"name":"ANFD-102","category_id":2,"category_name":"Agitated Nutsche Filter Drier","surface_area_in2":11339,"rinse_volume_L":25},{"name":"SFT-102","category_id":3,"category_name":"Sifter","surface_area_in2":5188,"rinse_volume_L":21},{"name":"SFT-103","category_id":3,"category_name":"Sifter","surface_area_in2":5291,"rinse_volume_L":21},{"name":"MM-101","category_id":4,"category_name":"Multi Mill","surface_area_in2":5397,"rinse_volume_L":22}],"maco_pde":5212.5,"maco_dose":4687.5,"maco_10ppm":150000,"governing_maco_pair":4687.5,"total_rinse_vol_L":129,"total_area_in2":69871,"rinse_limit_ppm":36.3372,"swab_limit_ppm":6.0379,"loq_ppm":1.5,"rinse_status":"PASS","swab_status":"PASS"}]},"sourceProduct":{"min_therapeutic_dose_mg":250,"product_id":2,"pde_mg_day":0.278,"max_batch_size_kg":38,"loq_ppm":1.5,"solubility_usp":null,"is_archived":false,"archived_at":null,"max_daily_dose_mg":1000,"product_name":"Abiraterone","facility_id":1,"min_yield_kg":30,"lod_ppm":0.6,"analytical_method":"HPLC","soluble_solvent":null,"archived_by":null},"facilityName":"API-1","docNumber":"CL-PROTO-0002-2026","samplingPlan":[{"category_id":2,"category_name":"Agitated Nutsche Filter Drier","entries":[{"entry_id":1,"sample_number":"S-0001","location_description":"Shaft","sequence":1},{"entry_id":2,"sample_number":"S-0002","location_description":"Gasket","sequence":2},{"entry_id":3,"sample_number":"S-0003","location_description":"Discharge Port","sequence":3},{"entry_id":4,"sample_number":"S-0004","location_description":"Base Plate","sequence":4}]},{"category_id":4,"category_name":"Multi Mill","entries":[{"entry_id":5,"sample_number":"S-0005","location_description":"Blades","sequence":1},{"entry_id":6,"sample_number":"S-0006","location_description":"Inner wall","sequence":2}]},{"category_id":1,"category_name":"Reactor","entries":[{"entry_id":7,"sample_number":"S-0007","location_description":"Agitator Shaft","sequence":1},{"entry_id":8,"sample_number":"S-0008","location_description":"Bottom Valve","sequence":2},{"entry_id":9,"sample_number":"S-0009","location_description":"Inner Wall","sequence":3}]},{"category_id":3,"category_name":"Sifter","entries":[{"entry_id":10,"sample_number":"S-0010","location_description":"Sifter Discharge Port","sequence":1},{"entry_id":11,"sample_number":"S-0011","location_description":"Grooves","sequence":2}]}]}	Final
\.


--
-- Data for Name: cleaning_validation_reports; Type: TABLE DATA; Schema: public; Owner: postgres
--

COPY public.cleaning_validation_reports (report_id, archive_id, facility_id, facility_name, product_id, product_name, results_data, submitted_by, submitted_at, last_modified_by, last_modified_at, created_at, status, approved_by, approved_at) FROM stdin;
2	2	1	API-1	1	Imatinib	{"runs":[{"run_number":1,"batch_number":"B-001","equipment_results":[{"equipment_name":"Reactor-101","category_id":1,"category_name":"Reactor","rinse_limit_ppm":37.7259,"swab_limit_ppm":5.2829,"rinse_result_ppm":"10","rinse_lot_number":"lot-1","swab_results":[{"sample_number":"S-0007","location_description":"Agitator Shaft","result_ppm":"5","lot_number":"lot-2"},{"sample_number":"S-0008","location_description":"Bottom Valve","result_ppm":"5","lot_number":"lot-2"},{"sample_number":"S-0009","location_description":"Inner Wall","result_ppm":"5","lot_number":"lot-2"}]},{"equipment_name":"Reactor-102","category_id":1,"category_name":"Reactor","rinse_limit_ppm":37.7259,"swab_limit_ppm":5.2829,"rinse_result_ppm":"10","rinse_lot_number":"lot-3","swab_results":[{"sample_number":"S-0007","location_description":"Agitator Shaft","result_ppm":"4","lot_number":"lot-4"},{"sample_number":"S-0008","location_description":"Bottom Valve","result_ppm":"3","lot_number":"lot-4"},{"sample_number":"S-0009","location_description":"Inner Wall","result_ppm":"1","lot_number":"lot-4"}]},{"equipment_name":"Reactor-103","category_id":1,"category_name":"Reactor","rinse_limit_ppm":37.7259,"swab_limit_ppm":5.2829,"rinse_result_ppm":"3","rinse_lot_number":"lot-5","swab_results":[{"sample_number":"S-0007","location_description":"Agitator Shaft","result_ppm":"1","lot_number":"lot-6"},{"sample_number":"S-0008","location_description":"Bottom Valve","result_ppm":"1","lot_number":"lot-6"},{"sample_number":"S-0009","location_description":"Inner Wall","result_ppm":"-0","lot_number":"lot-6"}]},{"equipment_name":"SFT-103","category_id":3,"category_name":"Sifter","rinse_limit_ppm":37.7259,"swab_limit_ppm":5.2829,"rinse_result_ppm":"10","rinse_lot_number":"lot-7","swab_results":[{"sample_number":"S-0010","location_description":"Sifter Discharge Port","result_ppm":"5","lot_number":"lot-8"},{"sample_number":"S-0011","location_description":"Grooves","result_ppm":"5","lot_number":"lot-8"}]},{"equipment_name":"MM-101","category_id":4,"category_name":"Multi Mill","rinse_limit_ppm":37.7259,"swab_limit_ppm":5.2829,"rinse_result_ppm":"5","rinse_lot_number":"lot-9","swab_results":[{"sample_number":"S-0005","location_description":"Blades","result_ppm":"5","lot_number":"lot-9"},{"sample_number":"S-0006","location_description":"Inner wall","result_ppm":"4.99","lot_number":"lot-10"}]},{"equipment_name":"Reactor-104","category_id":1,"category_name":"Reactor","rinse_limit_ppm":37.7259,"swab_limit_ppm":5.2829,"rinse_result_ppm":"5","rinse_lot_number":"lot-11","swab_results":[{"sample_number":"S-0007","location_description":"Agitator Shaft","result_ppm":"5","lot_number":"lot-12"},{"sample_number":"S-0008","location_description":"Bottom Valve","result_ppm":"5","lot_number":"lot-12"},{"sample_number":"S-0009","location_description":"Inner Wall","result_ppm":"4","lot_number":"lot-12"}]},{"equipment_name":"ANFD-101","category_id":2,"category_name":"Agitated Nutsche Filter Drier","rinse_limit_ppm":37.7259,"swab_limit_ppm":5.2829,"rinse_result_ppm":"3","rinse_lot_number":"lot-13","swab_results":[{"sample_number":"S-0001","location_description":"Shaft","result_ppm":"1","lot_number":"lot-14"},{"sample_number":"S-0002","location_description":"Gasket","result_ppm":"3","lot_number":"lot-14"},{"sample_number":"S-0003","location_description":"Discharge Port","result_ppm":"1","lot_number":"lot-14"},{"sample_number":"S-0004","location_description":"Base Plate","result_ppm":"2","lot_number":"lot-14"}]},{"equipment_name":"SFT-101","category_id":3,"category_name":"Sifter","rinse_limit_ppm":37.7259,"swab_limit_ppm":5.2829,"rinse_result_ppm":"1","rinse_lot_number":"lot-15","swab_results":[{"sample_number":"S-0010","location_description":"Sifter Discharge Port","result_ppm":"1","lot_number":"lot-16"},{"sample_number":"S-0011","location_description":"Grooves","result_ppm":"1","lot_number":"lot-16"}]}]},{"run_number":2,"batch_number":"B-002","equipment_results":[{"equipment_name":"Reactor-101","category_id":1,"category_name":"Reactor","rinse_limit_ppm":37.7259,"swab_limit_ppm":5.2829,"rinse_result_ppm":"10","rinse_lot_number":"lot-17","swab_results":[{"sample_number":"S-0007","location_description":"Agitator Shaft","result_ppm":"4","lot_number":""},{"sample_number":"S-0008","location_description":"Bottom Valve","result_ppm":"3","lot_number":""},{"sample_number":"S-0009","location_description":"Inner Wall","result_ppm":"3","lot_number":""}]},{"equipment_name":"Reactor-102","category_id":1,"category_name":"Reactor","rinse_limit_ppm":37.7259,"swab_limit_ppm":5.2829,"rinse_result_ppm":"3","rinse_lot_number":"","swab_results":[{"sample_number":"S-0007","location_description":"Agitator Shaft","result_ppm":"4","lot_number":""},{"sample_number":"S-0008","location_description":"Bottom Valve","result_ppm":"3","lot_number":""},{"sample_number":"S-0009","location_description":"Inner Wall","result_ppm":"4","lot_number":""}]},{"equipment_name":"Reactor-103","category_id":1,"category_name":"Reactor","rinse_limit_ppm":37.7259,"swab_limit_ppm":5.2829,"rinse_result_ppm":"1","rinse_lot_number":"","swab_results":[{"sample_number":"S-0007","location_description":"Agitator Shaft","result_ppm":"5","lot_number":""},{"sample_number":"S-0008","location_description":"Bottom Valve","result_ppm":"5","lot_number":""},{"sample_number":"S-0009","location_description":"Inner Wall","result_ppm":"5","lot_number":""}]},{"equipment_name":"SFT-103","category_id":3,"category_name":"Sifter","rinse_limit_ppm":37.7259,"swab_limit_ppm":5.2829,"rinse_result_ppm":"5","rinse_lot_number":"","swab_results":[{"sample_number":"S-0010","location_description":"Sifter Discharge Port","result_ppm":"4","lot_number":""},{"sample_number":"S-0011","location_description":"Grooves","result_ppm":"4","lot_number":""}]},{"equipment_name":"MM-101","category_id":4,"category_name":"Multi Mill","rinse_limit_ppm":37.7259,"swab_limit_ppm":5.2829,"rinse_result_ppm":"4","rinse_lot_number":"","swab_results":[{"sample_number":"S-0005","location_description":"Blades","result_ppm":"4","lot_number":""},{"sample_number":"S-0006","location_description":"Inner wall","result_ppm":"4","lot_number":""}]},{"equipment_name":"Reactor-104","category_id":1,"category_name":"Reactor","rinse_limit_ppm":37.7259,"swab_limit_ppm":5.2829,"rinse_result_ppm":"4","rinse_lot_number":"","swab_results":[{"sample_number":"S-0007","location_description":"Agitator Shaft","result_ppm":"5","lot_number":""},{"sample_number":"S-0008","location_description":"Bottom Valve","result_ppm":"5","lot_number":""},{"sample_number":"S-0009","location_description":"Inner Wall","result_ppm":"5","lot_number":""}]},{"equipment_name":"ANFD-101","category_id":2,"category_name":"Agitated Nutsche Filter Drier","rinse_limit_ppm":37.7259,"swab_limit_ppm":5.2829,"rinse_result_ppm":"5","rinse_lot_number":"","swab_results":[{"sample_number":"S-0001","location_description":"Shaft","result_ppm":"4","lot_number":""},{"sample_number":"S-0002","location_description":"Gasket","result_ppm":"4","lot_number":""},{"sample_number":"S-0003","location_description":"Discharge Port","result_ppm":"3","lot_number":""},{"sample_number":"S-0004","location_description":"Base Plate","result_ppm":"3","lot_number":""}]},{"equipment_name":"SFT-101","category_id":3,"category_name":"Sifter","rinse_limit_ppm":37.7259,"swab_limit_ppm":5.2829,"rinse_result_ppm":"1","rinse_lot_number":"","swab_results":[{"sample_number":"S-0010","location_description":"Sifter Discharge Port","result_ppm":"1","lot_number":""},{"sample_number":"S-0011","location_description":"Grooves","result_ppm":"1","lot_number":""}]}]},{"run_number":3,"batch_number":"B-003","equipment_results":[{"equipment_name":"Reactor-101","category_id":1,"category_name":"Reactor","rinse_limit_ppm":37.7259,"swab_limit_ppm":5.2829,"rinse_result_ppm":"9","rinse_lot_number":"","swab_results":[{"sample_number":"S-0007","location_description":"Agitator Shaft","result_ppm":"4","lot_number":""},{"sample_number":"S-0008","location_description":"Bottom Valve","result_ppm":"1","lot_number":""},{"sample_number":"S-0009","location_description":"Inner Wall","result_ppm":"3","lot_number":""}]},{"equipment_name":"Reactor-102","category_id":1,"category_name":"Reactor","rinse_limit_ppm":37.7259,"swab_limit_ppm":5.2829,"rinse_result_ppm":"4","rinse_lot_number":"","swab_results":[{"sample_number":"S-0007","location_description":"Agitator Shaft","result_ppm":"5","lot_number":""},{"sample_number":"S-0008","location_description":"Bottom Valve","result_ppm":"4","lot_number":""},{"sample_number":"S-0009","location_description":"Inner Wall","result_ppm":"4","lot_number":""}]},{"equipment_name":"Reactor-103","category_id":1,"category_name":"Reactor","rinse_limit_ppm":37.7259,"swab_limit_ppm":5.2829,"rinse_result_ppm":"9","rinse_lot_number":"","swab_results":[{"sample_number":"S-0007","location_description":"Agitator Shaft","result_ppm":"5","lot_number":""},{"sample_number":"S-0008","location_description":"Bottom Valve","result_ppm":"5","lot_number":""},{"sample_number":"S-0009","location_description":"Inner Wall","result_ppm":"5","lot_number":""}]},{"equipment_name":"SFT-103","category_id":3,"category_name":"Sifter","rinse_limit_ppm":37.7259,"swab_limit_ppm":5.2829,"rinse_result_ppm":"5","rinse_lot_number":"","swab_results":[{"sample_number":"S-0010","location_description":"Sifter Discharge Port","result_ppm":"4","lot_number":""},{"sample_number":"S-0011","location_description":"Grooves","result_ppm":"4","lot_number":""}]},{"equipment_name":"MM-101","category_id":4,"category_name":"Multi Mill","rinse_limit_ppm":37.7259,"swab_limit_ppm":5.2829,"rinse_result_ppm":"4","rinse_lot_number":"","swab_results":[{"sample_number":"S-0005","location_description":"Blades","result_ppm":"4","lot_number":""},{"sample_number":"S-0006","location_description":"Inner wall","result_ppm":"4","lot_number":""}]},{"equipment_name":"Reactor-104","category_id":1,"category_name":"Reactor","rinse_limit_ppm":37.7259,"swab_limit_ppm":5.2829,"rinse_result_ppm":"4","rinse_lot_number":"","swab_results":[{"sample_number":"S-0007","location_description":"Agitator Shaft","result_ppm":"5","lot_number":""},{"sample_number":"S-0008","location_description":"Bottom Valve","result_ppm":"5","lot_number":""},{"sample_number":"S-0009","location_description":"Inner Wall","result_ppm":"5","lot_number":""}]},{"equipment_name":"ANFD-101","category_id":2,"category_name":"Agitated Nutsche Filter Drier","rinse_limit_ppm":37.7259,"swab_limit_ppm":5.2829,"rinse_result_ppm":"5","rinse_lot_number":"","swab_results":[{"sample_number":"S-0001","location_description":"Shaft","result_ppm":"4","lot_number":""},{"sample_number":"S-0002","location_description":"Gasket","result_ppm":"1","lot_number":""},{"sample_number":"S-0003","location_description":"Discharge Port","result_ppm":"2","lot_number":""},{"sample_number":"S-0004","location_description":"Base Plate","result_ppm":"3","lot_number":""}]},{"equipment_name":"SFT-101","category_id":3,"category_name":"Sifter","rinse_limit_ppm":37.7259,"swab_limit_ppm":5.2829,"rinse_result_ppm":"3","rinse_lot_number":"","swab_results":[{"sample_number":"S-0010","location_description":"Sifter Discharge Port","result_ppm":"2","lot_number":""},{"sample_number":"S-0011","location_description":"Grooves","result_ppm":"2","lot_number":""}]}]}],"training_details":"test","sop_followed":"Test"}	admin	2026-05-17T12:12:52.908151	\N	\N	2026-05-17T12:12:52.908162	Approved	admin	2026-05-19T16:03:22.113945
\.


--
-- Data for Name: continuous_cleaning_verifications; Type: TABLE DATA; Schema: public; Owner: postgres
--

COPY public.continuous_cleaning_verifications (ccv_id, archive_id, report_id, facility_id, facility_name, product_id, product_name, run_number, results_data, submitted_by, submitted_at, last_modified_by, last_modified_at, status) FROM stdin;
1	2	2	1	API-1	1	Imatinib	1	{"run":{"batch_number":"B05","equipment_results":[]},"training_details":"test","sop_followed":"test","completion_date":"2026-05-19T21:33"}	admin	2026-05-19T16:04:13.098570	\N	\N	Draft
2	2	2	1	API-1	1	Imatinib	2	{"run":{"batch_number":"B-06","equipment_results":[]},"training_details":"test","sop_followed":"test","completion_date":"2026-05-20T21:41"}	admin	2026-05-19T16:11:25.641021	\N	\N	Draft
\.


--
-- Data for Name: equipment; Type: TABLE DATA; Schema: public; Owner: postgres
--

COPY public.equipment (equipment_id, equipment_name, facility_id, surface_area_cm2, rinse_volume_liters, category_id) FROM stdin;
1	Reactor-101	1	136238.4372	20	1
2	Reactor-102	1	138961.0124	20	1
3	Reactor-103	1	141741.652	28	1
4	Reactor-104	1	141741.652	30	1
5	Reactor-105	1	147470.6728	31	1
6	ANFD-101	1	71722.4372	24	2
7	ANFD-102	1	73154.6924	25	2
8	SFT-101	1	32812.8376	20	3
9	SFT-102	1	33470.9008	21	3
10	SFT-103	1	34135.4156	21	3
11	MM-101	1	34819.2852	22	4
12	MM-102	1	35516.058	22	4
13	Reactor-201	2	136238.4372	25	1
14	Reactor-202	2	138961.0124	25	1
15	Reactor-203	2	141741.652	28	1
16	Reactor-204	2	144580.356	30	1
17	Reactor-205	2	147470.6728	21	1
18	ANFD-201	2	71722.4372	21	2
19	ANFD-202	2	73154.6924	20	2
20	SFT-201	2	74619.2056	22	3
21	SFT-202	2	76109.5252	21	3
22	SFT-203	2	77632.1028	21	3
23	MM-201	2	79186.9384	20	4
24	MM-202	2	80774.032	10	4
\.


--
-- Data for Name: equipment_category; Type: TABLE DATA; Schema: public; Owner: postgres
--

COPY public.equipment_category (category_id, category_name) FROM stdin;
1	Reactor
2	Agitated Nutsche Filter Drier
3	Sifter
4	Multi Mill
\.


--
-- Data for Name: facilities; Type: TABLE DATA; Schema: public; Owner: postgres
--

COPY public.facilities (facility_id, facility_name) FROM stdin;
1	API-1
2	API-2
3	API-3
\.


--
-- Data for Name: maco_results; Type: TABLE DATA; Schema: public; Owner: postgres
--

COPY public.maco_results (result_id, calc_id, product_from, product_to, equipment_id, method, maco_ug, limit_ugcm2, is_governing, calculated_by, "timestamp") FROM stdin;
\.


--
-- Data for Name: maco_runs; Type: TABLE DATA; Schema: public; Owner: postgres
--

COPY public.maco_runs (run_id, run_at, run_by, source_product_id, source_product_name, source_pde, source_min_dose, source_loq, source_lod, source_method, governing_maco, result_json) FROM stdin;
1	2026-05-16T17:26:36Z	admin	3	Letrazole	0.003	2.5	0.005	0.003	HPLC	200	[{"target_product": "Pomalidomide", "shared_equipment": ["Reactor-201", "ANFD-202", "SFT-202"], "maco_pde": 240.0, "maco_dose": 200.0, "maco_10ppm": 20000.0, "governing_maco_pair": 200.0, "total_rinse_vol_L": 66.0, "total_area_in2": 44253.0, "rinse_limit_ppm": 3.0303, "swab_limit_ppm": 0.4068, "loq_ppm": 0.005, "rinse_status": "PASS", "swab_status": "PASS"}, {"target_product": "Lenalidomide", "shared_equipment": ["Reactor-201", "Reactor-202", "ANFD-202", "SFT-202", "MM-201"], "maco_pde": 18000.0, "maco_dose": 15000.0, "maco_10ppm": 150000.0, "governing_maco_pair": 15000.0, "total_rinse_vol_L": 111.0, "total_area_in2": 78066.0, "rinse_limit_ppm": 135.1351, "swab_limit_ppm": 17.2931, "loq_ppm": 0.005, "rinse_status": "PASS", "swab_status": "PASS"}]
2	2026-05-16T17:29:00Z	admin	1	Imatinib	0.167	400	0.05	0.031	HPLC	3131.25	[{"target_product": "Abiraterone", "shared_equipment": ["Reactor-101", "Reactor-102", "Reactor-103", "SFT-103", "MM-101"], "maco_pde": 5010.0, "maco_dose": 12000.0, "maco_10ppm": 300000.0, "governing_maco_pair": 5010.0, "total_rinse_vol_L": 111.0, "total_area_in2": 75314.0, "rinse_limit_ppm": 45.1351, "swab_limit_ppm": 5.9869, "loq_ppm": 0.05, "rinse_status": "PASS", "swab_status": "PASS"}, {"target_product": "Sorafenib", "shared_equipment": ["Reactor-101", "Reactor-102", "Reactor-103", "Reactor-104", "ANFD-101", "SFT-101", "SFT-103", "MM-101"], "maco_pde": 16700.0, "maco_dose": 40000.0, "maco_10ppm": 800000.0, "governing_maco_pair": 16700.0, "total_rinse_vol_L": 185.0, "total_area_in2": 113487.0, "rinse_limit_ppm": 90.2703, "swab_limit_ppm": 13.2438, "loq_ppm": 0.05, "rinse_status": "PASS", "swab_status": "PASS"}, {"target_product": "Nilotinib ", "shared_equipment": ["Reactor-101", "Reactor-102", "SFT-103", "MM-101"], "maco_pde": 3131.25, "maco_dose": 7500.0, "maco_10ppm": 150000.0, "governing_maco_pair": 3131.25, "total_rinse_vol_L": 83.0, "total_area_in2": 53344.0, "rinse_limit_ppm": 37.7259, "swab_limit_ppm": 5.2829, "loq_ppm": 0.05, "rinse_status": "PASS", "swab_status": "PASS"}]
3	2026-05-16T17:38:22Z	admin	1	Imatinib	0.167	400	0.05	0.031	HPLC	3131.25	[{"target_product": "Abiraterone", "shared_equipment": [{"name": "Reactor-101", "surface_area_in2": 21117.0, "rinse_volume_L": 20.0}, {"name": "Reactor-102", "surface_area_in2": 21539.0, "rinse_volume_L": 20.0}, {"name": "Reactor-103", "surface_area_in2": 21970.0, "rinse_volume_L": 28.0}, {"name": "SFT-103", "surface_area_in2": 5291.0, "rinse_volume_L": 21.0}, {"name": "MM-101", "surface_area_in2": 5397.0, "rinse_volume_L": 22.0}], "maco_pde": 5010.0, "maco_dose": 12000.0, "maco_10ppm": 300000.0, "governing_maco_pair": 5010.0, "total_rinse_vol_L": 111.0, "total_area_in2": 75314.0, "rinse_limit_ppm": 45.1351, "swab_limit_ppm": 5.9869, "loq_ppm": 0.05, "rinse_status": "PASS", "swab_status": "PASS"}, {"target_product": "Sorafenib", "shared_equipment": [{"name": "Reactor-101", "surface_area_in2": 21117.0, "rinse_volume_L": 20.0}, {"name": "Reactor-102", "surface_area_in2": 21539.0, "rinse_volume_L": 20.0}, {"name": "Reactor-103", "surface_area_in2": 21970.0, "rinse_volume_L": 28.0}, {"name": "Reactor-104", "surface_area_in2": 21970.0, "rinse_volume_L": 30.0}, {"name": "ANFD-101", "surface_area_in2": 11117.0, "rinse_volume_L": 24.0}, {"name": "SFT-101", "surface_area_in2": 5086.0, "rinse_volume_L": 20.0}, {"name": "SFT-103", "surface_area_in2": 5291.0, "rinse_volume_L": 21.0}, {"name": "MM-101", "surface_area_in2": 5397.0, "rinse_volume_L": 22.0}], "maco_pde": 16700.0, "maco_dose": 40000.0, "maco_10ppm": 800000.0, "governing_maco_pair": 16700.0, "total_rinse_vol_L": 185.0, "total_area_in2": 113487.0, "rinse_limit_ppm": 90.2703, "swab_limit_ppm": 13.2438, "loq_ppm": 0.05, "rinse_status": "PASS", "swab_status": "PASS"}, {"target_product": "Nilotinib ", "shared_equipment": [{"name": "Reactor-101", "surface_area_in2": 21117.0, "rinse_volume_L": 20.0}, {"name": "Reactor-102", "surface_area_in2": 21539.0, "rinse_volume_L": 20.0}, {"name": "SFT-103", "surface_area_in2": 5291.0, "rinse_volume_L": 21.0}, {"name": "MM-101", "surface_area_in2": 5397.0, "rinse_volume_L": 22.0}], "maco_pde": 3131.25, "maco_dose": 7500.0, "maco_10ppm": 150000.0, "governing_maco_pair": 3131.25, "total_rinse_vol_L": 83.0, "total_area_in2": 53344.0, "rinse_limit_ppm": 37.7259, "swab_limit_ppm": 5.2829, "loq_ppm": 0.05, "rinse_status": "PASS", "swab_status": "PASS"}]
4	2026-05-16T17:42:55Z	admin	3	Letrazole	0.003	2.5	0.005	0.003	HPLC	200	[{"target_product": "Pomalidomide", "shared_equipment": [{"name": "Reactor-201", "surface_area_in2": 21117.0, "rinse_volume_L": 25.0}, {"name": "ANFD-202", "surface_area_in2": 11339.0, "rinse_volume_L": 20.0}, {"name": "SFT-202", "surface_area_in2": 11797.0, "rinse_volume_L": 21.0}], "maco_pde": 240.0, "maco_dose": 200.0, "maco_10ppm": 20000.0, "governing_maco_pair": 200.0, "total_rinse_vol_L": 66.0, "total_area_in2": 44253.0, "rinse_limit_ppm": 3.0303, "swab_limit_ppm": 0.4068, "loq_ppm": 0.005, "rinse_status": "PASS", "swab_status": "PASS"}, {"target_product": "Lenalidomide", "shared_equipment": [{"name": "Reactor-201", "surface_area_in2": 21117.0, "rinse_volume_L": 25.0}, {"name": "Reactor-202", "surface_area_in2": 21539.0, "rinse_volume_L": 25.0}, {"name": "ANFD-202", "surface_area_in2": 11339.0, "rinse_volume_L": 20.0}, {"name": "SFT-202", "surface_area_in2": 11797.0, "rinse_volume_L": 21.0}, {"name": "MM-201", "surface_area_in2": 12274.0, "rinse_volume_L": 20.0}], "maco_pde": 18000.0, "maco_dose": 15000.0, "maco_10ppm": 150000.0, "governing_maco_pair": 15000.0, "total_rinse_vol_L": 111.0, "total_area_in2": 78066.0, "rinse_limit_ppm": 135.1351, "swab_limit_ppm": 17.2931, "loq_ppm": 0.005, "rinse_status": "PASS", "swab_status": "PASS"}]
5	2026-05-16T17:45:08Z	admin	3	Letrazole	0.003	2.5	0.005	0.003	HPLC	200	[{"target_product": "Pomalidomide", "shared_equipment": [{"name": "Reactor-201", "surface_area_in2": 21117.0, "rinse_volume_L": 25.0}, {"name": "ANFD-202", "surface_area_in2": 11339.0, "rinse_volume_L": 20.0}, {"name": "SFT-202", "surface_area_in2": 11797.0, "rinse_volume_L": 21.0}], "maco_pde": 240.0, "maco_dose": 200.0, "maco_10ppm": 20000.0, "governing_maco_pair": 200.0, "total_rinse_vol_L": 66.0, "total_area_in2": 44253.0, "rinse_limit_ppm": 3.0303, "swab_limit_ppm": 0.4068, "loq_ppm": 0.005, "rinse_status": "PASS", "swab_status": "PASS"}, {"target_product": "Lenalidomide", "shared_equipment": [{"name": "Reactor-201", "surface_area_in2": 21117.0, "rinse_volume_L": 25.0}, {"name": "Reactor-202", "surface_area_in2": 21539.0, "rinse_volume_L": 25.0}, {"name": "ANFD-202", "surface_area_in2": 11339.0, "rinse_volume_L": 20.0}, {"name": "SFT-202", "surface_area_in2": 11797.0, "rinse_volume_L": 21.0}, {"name": "MM-201", "surface_area_in2": 12274.0, "rinse_volume_L": 20.0}], "maco_pde": 18000.0, "maco_dose": 15000.0, "maco_10ppm": 150000.0, "governing_maco_pair": 15000.0, "total_rinse_vol_L": 111.0, "total_area_in2": 78066.0, "rinse_limit_ppm": 135.1351, "swab_limit_ppm": 17.2931, "loq_ppm": 0.005, "rinse_status": "PASS", "swab_status": "PASS"}]
6	2026-05-16T17:58:35Z	admin	1	Imatinib	0.167	400	0.05	0.031	HPLC	3131.25	[{"target_product": "Abiraterone", "shared_equipment": [{"name": "Reactor-101", "surface_area_in2": 21117.0, "rinse_volume_L": 20.0}, {"name": "Reactor-102", "surface_area_in2": 21539.0, "rinse_volume_L": 20.0}, {"name": "Reactor-103", "surface_area_in2": 21970.0, "rinse_volume_L": 28.0}, {"name": "SFT-103", "surface_area_in2": 5291.0, "rinse_volume_L": 21.0}, {"name": "MM-101", "surface_area_in2": 5397.0, "rinse_volume_L": 22.0}], "maco_pde": 5010.0, "maco_dose": 12000.0, "maco_10ppm": 300000.0, "governing_maco_pair": 5010.0, "total_rinse_vol_L": 111.0, "total_area_in2": 75314.0, "rinse_limit_ppm": 45.1351, "swab_limit_ppm": 5.9869, "loq_ppm": 0.05, "rinse_status": "PASS", "swab_status": "PASS"}, {"target_product": "Sorafenib", "shared_equipment": [{"name": "Reactor-101", "surface_area_in2": 21117.0, "rinse_volume_L": 20.0}, {"name": "Reactor-102", "surface_area_in2": 21539.0, "rinse_volume_L": 20.0}, {"name": "Reactor-103", "surface_area_in2": 21970.0, "rinse_volume_L": 28.0}, {"name": "Reactor-104", "surface_area_in2": 21970.0, "rinse_volume_L": 30.0}, {"name": "ANFD-101", "surface_area_in2": 11117.0, "rinse_volume_L": 24.0}, {"name": "SFT-101", "surface_area_in2": 5086.0, "rinse_volume_L": 20.0}, {"name": "SFT-103", "surface_area_in2": 5291.0, "rinse_volume_L": 21.0}, {"name": "MM-101", "surface_area_in2": 5397.0, "rinse_volume_L": 22.0}], "maco_pde": 16700.0, "maco_dose": 40000.0, "maco_10ppm": 800000.0, "governing_maco_pair": 16700.0, "total_rinse_vol_L": 185.0, "total_area_in2": 113487.0, "rinse_limit_ppm": 90.2703, "swab_limit_ppm": 13.2438, "loq_ppm": 0.05, "rinse_status": "PASS", "swab_status": "PASS"}, {"target_product": "Nilotinib ", "shared_equipment": [{"name": "Reactor-101", "surface_area_in2": 21117.0, "rinse_volume_L": 20.0}, {"name": "Reactor-102", "surface_area_in2": 21539.0, "rinse_volume_L": 20.0}, {"name": "SFT-103", "surface_area_in2": 5291.0, "rinse_volume_L": 21.0}, {"name": "MM-101", "surface_area_in2": 5397.0, "rinse_volume_L": 22.0}], "maco_pde": 3131.25, "maco_dose": 7500.0, "maco_10ppm": 150000.0, "governing_maco_pair": 3131.25, "total_rinse_vol_L": 83.0, "total_area_in2": 53344.0, "rinse_limit_ppm": 37.7259, "swab_limit_ppm": 5.2829, "loq_ppm": 0.05, "rinse_status": "PASS", "swab_status": "PASS"}]
7	2026-05-16T18:02:38Z	admin	1	Imatinib	0.167	400	0.05	0.031	HPLC	3131.25	[{"target_product": "Abiraterone", "shared_equipment": [{"name": "Reactor-101", "surface_area_in2": 21117.0, "rinse_volume_L": 20.0}, {"name": "Reactor-102", "surface_area_in2": 21539.0, "rinse_volume_L": 20.0}, {"name": "Reactor-103", "surface_area_in2": 21970.0, "rinse_volume_L": 28.0}, {"name": "SFT-103", "surface_area_in2": 5291.0, "rinse_volume_L": 21.0}, {"name": "MM-101", "surface_area_in2": 5397.0, "rinse_volume_L": 22.0}], "maco_pde": 5010.0, "maco_dose": 12000.0, "maco_10ppm": 300000.0, "governing_maco_pair": 5010.0, "total_rinse_vol_L": 111.0, "total_area_in2": 75314.0, "rinse_limit_ppm": 45.1351, "swab_limit_ppm": 5.9869, "loq_ppm": 0.05, "rinse_status": "PASS", "swab_status": "PASS"}, {"target_product": "Sorafenib", "shared_equipment": [{"name": "Reactor-101", "surface_area_in2": 21117.0, "rinse_volume_L": 20.0}, {"name": "Reactor-102", "surface_area_in2": 21539.0, "rinse_volume_L": 20.0}, {"name": "Reactor-103", "surface_area_in2": 21970.0, "rinse_volume_L": 28.0}, {"name": "Reactor-104", "surface_area_in2": 21970.0, "rinse_volume_L": 30.0}, {"name": "ANFD-101", "surface_area_in2": 11117.0, "rinse_volume_L": 24.0}, {"name": "SFT-101", "surface_area_in2": 5086.0, "rinse_volume_L": 20.0}, {"name": "SFT-103", "surface_area_in2": 5291.0, "rinse_volume_L": 21.0}, {"name": "MM-101", "surface_area_in2": 5397.0, "rinse_volume_L": 22.0}], "maco_pde": 16700.0, "maco_dose": 40000.0, "maco_10ppm": 800000.0, "governing_maco_pair": 16700.0, "total_rinse_vol_L": 185.0, "total_area_in2": 113487.0, "rinse_limit_ppm": 90.2703, "swab_limit_ppm": 13.2438, "loq_ppm": 0.05, "rinse_status": "PASS", "swab_status": "PASS"}, {"target_product": "Nilotinib ", "shared_equipment": [{"name": "Reactor-101", "surface_area_in2": 21117.0, "rinse_volume_L": 20.0}, {"name": "Reactor-102", "surface_area_in2": 21539.0, "rinse_volume_L": 20.0}, {"name": "SFT-103", "surface_area_in2": 5291.0, "rinse_volume_L": 21.0}, {"name": "MM-101", "surface_area_in2": 5397.0, "rinse_volume_L": 22.0}], "maco_pde": 3131.25, "maco_dose": 7500.0, "maco_10ppm": 150000.0, "governing_maco_pair": 3131.25, "total_rinse_vol_L": 83.0, "total_area_in2": 53344.0, "rinse_limit_ppm": 37.7259, "swab_limit_ppm": 5.2829, "loq_ppm": 0.05, "rinse_status": "PASS", "swab_status": "PASS"}]
18	2026-05-17T03:37:17Z	admin	5	Nilotinib 	0.2	200	0.2	0.06	HPLC	6000	[{"target_product": "Imatinib", "shared_equipment": [{"name": "Reactor-101", "surface_area_in2": 21117.0, "rinse_volume_L": 20.0}, {"name": "Reactor-102", "surface_area_in2": 21539.0, "rinse_volume_L": 20.0}, {"name": "SFT-103", "surface_area_in2": 5291.0, "rinse_volume_L": 21.0}, {"name": "MM-101", "surface_area_in2": 5397.0, "rinse_volume_L": 22.0}], "maco_pde": 11500.0, "maco_dose": 11500.0, "maco_10ppm": 460000.0, "governing_maco_pair": 11500.0, "total_rinse_vol_L": 83.0, "total_area_in2": 53344.0, "rinse_limit_ppm": 138.5542, "swab_limit_ppm": 19.4024, "loq_ppm": 0.2, "rinse_status": "PASS", "swab_status": "PASS"}, {"target_product": "Abiraterone", "shared_equipment": [{"name": "Reactor-101", "surface_area_in2": 21117.0, "rinse_volume_L": 20.0}, {"name": "Reactor-102", "surface_area_in2": 21539.0, "rinse_volume_L": 20.0}, {"name": "ANFD-102", "surface_area_in2": 11339.0, "rinse_volume_L": 25.0}, {"name": "SFT-102", "surface_area_in2": 5188.0, "rinse_volume_L": 21.0}, {"name": "SFT-103", "surface_area_in2": 5291.0, "rinse_volume_L": 21.0}, {"name": "MM-101", "surface_area_in2": 5397.0, "rinse_volume_L": 22.0}], "maco_pde": 6000.0, "maco_dose": 6000.0, "maco_10ppm": 300000.0, "governing_maco_pair": 6000.0, "total_rinse_vol_L": 129.0, "total_area_in2": 69871.0, "rinse_limit_ppm": 46.5116, "swab_limit_ppm": 7.7285, "loq_ppm": 0.2, "rinse_status": "PASS", "swab_status": "PASS"}, {"target_product": "Sorafenib", "shared_equipment": [{"name": "Reactor-101", "surface_area_in2": 21117.0, "rinse_volume_L": 20.0}, {"name": "Reactor-102", "surface_area_in2": 21539.0, "rinse_volume_L": 20.0}, {"name": "Reactor-105", "surface_area_in2": 22858.0, "rinse_volume_L": 31.0}, {"name": "ANFD-102", "surface_area_in2": 11339.0, "rinse_volume_L": 25.0}, {"name": "SFT-102", "surface_area_in2": 5188.0, "rinse_volume_L": 21.0}, {"name": "SFT-103", "surface_area_in2": 5291.0, "rinse_volume_L": 21.0}, {"name": "MM-101", "surface_area_in2": 5397.0, "rinse_volume_L": 22.0}, {"name": "MM-102", "surface_area_in2": 5505.0, "rinse_volume_L": 22.0}], "maco_pde": 20000.0, "maco_dose": 20000.0, "maco_10ppm": 800000.0, "governing_maco_pair": 20000.0, "total_rinse_vol_L": 182.0, "total_area_in2": 98234.0, "rinse_limit_ppm": 109.8901, "swab_limit_ppm": 18.3236, "loq_ppm": 0.2, "rinse_status": "PASS", "swab_status": "PASS"}]
8	2026-05-16T18:31:31Z	admin	3	Letrazole	0.003	2.5	0.005	0.003	HPLC	200	[{"target_product": "Pomalidomide", "shared_equipment": [{"name": "Reactor-201", "surface_area_in2": 21117.0, "rinse_volume_L": 25.0}, {"name": "ANFD-202", "surface_area_in2": 11339.0, "rinse_volume_L": 20.0}, {"name": "SFT-202", "surface_area_in2": 11797.0, "rinse_volume_L": 21.0}], "maco_pde": 240.0, "maco_dose": 200.0, "maco_10ppm": 20000.0, "governing_maco_pair": 200.0, "total_rinse_vol_L": 66.0, "total_area_in2": 44253.0, "rinse_limit_ppm": 3.0303, "swab_limit_ppm": 0.4068, "loq_ppm": 0.005, "rinse_status": "PASS", "swab_status": "PASS"}, {"target_product": "Lenalidomide", "shared_equipment": [{"name": "Reactor-201", "surface_area_in2": 21117.0, "rinse_volume_L": 25.0}, {"name": "Reactor-202", "surface_area_in2": 21539.0, "rinse_volume_L": 25.0}, {"name": "ANFD-202", "surface_area_in2": 11339.0, "rinse_volume_L": 20.0}, {"name": "SFT-202", "surface_area_in2": 11797.0, "rinse_volume_L": 21.0}, {"name": "MM-201", "surface_area_in2": 12274.0, "rinse_volume_L": 20.0}], "maco_pde": 18000.0, "maco_dose": 15000.0, "maco_10ppm": 150000.0, "governing_maco_pair": 15000.0, "total_rinse_vol_L": 111.0, "total_area_in2": 78066.0, "rinse_limit_ppm": 135.1351, "swab_limit_ppm": 17.2931, "loq_ppm": 0.005, "rinse_status": "PASS", "swab_status": "PASS"}]
9	2026-05-17T02:29:14Z	admin	1	Imatinib	0.167	400	0.05	0.031	HPLC	3131.25	[{"target_product": "Abiraterone", "shared_equipment": [{"name": "Reactor-101", "surface_area_in2": 21117.0, "rinse_volume_L": 20.0}, {"name": "Reactor-102", "surface_area_in2": 21539.0, "rinse_volume_L": 20.0}, {"name": "Reactor-103", "surface_area_in2": 21970.0, "rinse_volume_L": 28.0}, {"name": "SFT-103", "surface_area_in2": 5291.0, "rinse_volume_L": 21.0}, {"name": "MM-101", "surface_area_in2": 5397.0, "rinse_volume_L": 22.0}], "maco_pde": 5010.0, "maco_dose": 12000.0, "maco_10ppm": 300000.0, "governing_maco_pair": 5010.0, "total_rinse_vol_L": 111.0, "total_area_in2": 75314.0, "rinse_limit_ppm": 45.1351, "swab_limit_ppm": 5.9869, "loq_ppm": 0.05, "rinse_status": "PASS", "swab_status": "PASS"}, {"target_product": "Sorafenib", "shared_equipment": [{"name": "Reactor-101", "surface_area_in2": 21117.0, "rinse_volume_L": 20.0}, {"name": "Reactor-102", "surface_area_in2": 21539.0, "rinse_volume_L": 20.0}, {"name": "Reactor-103", "surface_area_in2": 21970.0, "rinse_volume_L": 28.0}, {"name": "Reactor-104", "surface_area_in2": 21970.0, "rinse_volume_L": 30.0}, {"name": "ANFD-101", "surface_area_in2": 11117.0, "rinse_volume_L": 24.0}, {"name": "SFT-101", "surface_area_in2": 5086.0, "rinse_volume_L": 20.0}, {"name": "SFT-103", "surface_area_in2": 5291.0, "rinse_volume_L": 21.0}, {"name": "MM-101", "surface_area_in2": 5397.0, "rinse_volume_L": 22.0}], "maco_pde": 16700.0, "maco_dose": 40000.0, "maco_10ppm": 800000.0, "governing_maco_pair": 16700.0, "total_rinse_vol_L": 185.0, "total_area_in2": 113487.0, "rinse_limit_ppm": 90.2703, "swab_limit_ppm": 13.2438, "loq_ppm": 0.05, "rinse_status": "PASS", "swab_status": "PASS"}, {"target_product": "Nilotinib ", "shared_equipment": [{"name": "Reactor-101", "surface_area_in2": 21117.0, "rinse_volume_L": 20.0}, {"name": "Reactor-102", "surface_area_in2": 21539.0, "rinse_volume_L": 20.0}, {"name": "SFT-103", "surface_area_in2": 5291.0, "rinse_volume_L": 21.0}, {"name": "MM-101", "surface_area_in2": 5397.0, "rinse_volume_L": 22.0}], "maco_pde": 3131.25, "maco_dose": 7500.0, "maco_10ppm": 150000.0, "governing_maco_pair": 3131.25, "total_rinse_vol_L": 83.0, "total_area_in2": 53344.0, "rinse_limit_ppm": 37.7259, "swab_limit_ppm": 5.2829, "loq_ppm": 0.05, "rinse_status": "PASS", "swab_status": "PASS"}]
10	2026-05-17T02:38:04Z	admin	1	Imatinib	0.167	400	0.05	0.031	HPLC	3131.25	[{"target_product": "Abiraterone", "shared_equipment": [{"name": "Reactor-101", "surface_area_in2": 21117.0, "rinse_volume_L": 20.0}, {"name": "Reactor-102", "surface_area_in2": 21539.0, "rinse_volume_L": 20.0}, {"name": "Reactor-103", "surface_area_in2": 21970.0, "rinse_volume_L": 28.0}, {"name": "SFT-103", "surface_area_in2": 5291.0, "rinse_volume_L": 21.0}, {"name": "MM-101", "surface_area_in2": 5397.0, "rinse_volume_L": 22.0}], "maco_pde": 5010.0, "maco_dose": 12000.0, "maco_10ppm": 300000.0, "governing_maco_pair": 5010.0, "total_rinse_vol_L": 111.0, "total_area_in2": 75314.0, "rinse_limit_ppm": 45.1351, "swab_limit_ppm": 5.9869, "loq_ppm": 0.05, "rinse_status": "PASS", "swab_status": "PASS"}, {"target_product": "Sorafenib", "shared_equipment": [{"name": "Reactor-101", "surface_area_in2": 21117.0, "rinse_volume_L": 20.0}, {"name": "Reactor-102", "surface_area_in2": 21539.0, "rinse_volume_L": 20.0}, {"name": "Reactor-103", "surface_area_in2": 21970.0, "rinse_volume_L": 28.0}, {"name": "Reactor-104", "surface_area_in2": 21970.0, "rinse_volume_L": 30.0}, {"name": "ANFD-101", "surface_area_in2": 11117.0, "rinse_volume_L": 24.0}, {"name": "SFT-101", "surface_area_in2": 5086.0, "rinse_volume_L": 20.0}, {"name": "SFT-103", "surface_area_in2": 5291.0, "rinse_volume_L": 21.0}, {"name": "MM-101", "surface_area_in2": 5397.0, "rinse_volume_L": 22.0}], "maco_pde": 16700.0, "maco_dose": 40000.0, "maco_10ppm": 800000.0, "governing_maco_pair": 16700.0, "total_rinse_vol_L": 185.0, "total_area_in2": 113487.0, "rinse_limit_ppm": 90.2703, "swab_limit_ppm": 13.2438, "loq_ppm": 0.05, "rinse_status": "PASS", "swab_status": "PASS"}, {"target_product": "Nilotinib ", "shared_equipment": [{"name": "Reactor-101", "surface_area_in2": 21117.0, "rinse_volume_L": 20.0}, {"name": "Reactor-102", "surface_area_in2": 21539.0, "rinse_volume_L": 20.0}, {"name": "SFT-103", "surface_area_in2": 5291.0, "rinse_volume_L": 21.0}, {"name": "MM-101", "surface_area_in2": 5397.0, "rinse_volume_L": 22.0}], "maco_pde": 3131.25, "maco_dose": 7500.0, "maco_10ppm": 150000.0, "governing_maco_pair": 3131.25, "total_rinse_vol_L": 83.0, "total_area_in2": 53344.0, "rinse_limit_ppm": 37.7259, "swab_limit_ppm": 5.2829, "loq_ppm": 0.05, "rinse_status": "PASS", "swab_status": "PASS"}]
11	2026-05-17T02:43:42Z	admin	1	Imatinib	0.167	400	0.05	0.031	HPLC	3131.25	[{"target_product": "Abiraterone", "shared_equipment": [{"name": "Reactor-101", "surface_area_in2": 21117.0, "rinse_volume_L": 20.0}, {"name": "Reactor-102", "surface_area_in2": 21539.0, "rinse_volume_L": 20.0}, {"name": "Reactor-103", "surface_area_in2": 21970.0, "rinse_volume_L": 28.0}, {"name": "SFT-103", "surface_area_in2": 5291.0, "rinse_volume_L": 21.0}, {"name": "MM-101", "surface_area_in2": 5397.0, "rinse_volume_L": 22.0}], "maco_pde": 5010.0, "maco_dose": 12000.0, "maco_10ppm": 300000.0, "governing_maco_pair": 5010.0, "total_rinse_vol_L": 111.0, "total_area_in2": 75314.0, "rinse_limit_ppm": 45.1351, "swab_limit_ppm": 5.9869, "loq_ppm": 0.05, "rinse_status": "PASS", "swab_status": "PASS"}, {"target_product": "Sorafenib", "shared_equipment": [{"name": "Reactor-101", "surface_area_in2": 21117.0, "rinse_volume_L": 20.0}, {"name": "Reactor-102", "surface_area_in2": 21539.0, "rinse_volume_L": 20.0}, {"name": "Reactor-103", "surface_area_in2": 21970.0, "rinse_volume_L": 28.0}, {"name": "Reactor-104", "surface_area_in2": 21970.0, "rinse_volume_L": 30.0}, {"name": "ANFD-101", "surface_area_in2": 11117.0, "rinse_volume_L": 24.0}, {"name": "SFT-101", "surface_area_in2": 5086.0, "rinse_volume_L": 20.0}, {"name": "SFT-103", "surface_area_in2": 5291.0, "rinse_volume_L": 21.0}, {"name": "MM-101", "surface_area_in2": 5397.0, "rinse_volume_L": 22.0}], "maco_pde": 16700.0, "maco_dose": 40000.0, "maco_10ppm": 800000.0, "governing_maco_pair": 16700.0, "total_rinse_vol_L": 185.0, "total_area_in2": 113487.0, "rinse_limit_ppm": 90.2703, "swab_limit_ppm": 13.2438, "loq_ppm": 0.05, "rinse_status": "PASS", "swab_status": "PASS"}, {"target_product": "Nilotinib ", "shared_equipment": [{"name": "Reactor-101", "surface_area_in2": 21117.0, "rinse_volume_L": 20.0}, {"name": "Reactor-102", "surface_area_in2": 21539.0, "rinse_volume_L": 20.0}, {"name": "SFT-103", "surface_area_in2": 5291.0, "rinse_volume_L": 21.0}, {"name": "MM-101", "surface_area_in2": 5397.0, "rinse_volume_L": 22.0}], "maco_pde": 3131.25, "maco_dose": 7500.0, "maco_10ppm": 150000.0, "governing_maco_pair": 3131.25, "total_rinse_vol_L": 83.0, "total_area_in2": 53344.0, "rinse_limit_ppm": 37.7259, "swab_limit_ppm": 5.2829, "loq_ppm": 0.05, "rinse_status": "PASS", "swab_status": "PASS"}]
12	2026-05-17T02:45:17Z	admin	1	Imatinib	0.167	400	0.05	0.031	HPLC	3131.25	[{"target_product": "Abiraterone", "shared_equipment": [{"name": "Reactor-101", "surface_area_in2": 21117.0, "rinse_volume_L": 20.0}, {"name": "Reactor-102", "surface_area_in2": 21539.0, "rinse_volume_L": 20.0}, {"name": "Reactor-103", "surface_area_in2": 21970.0, "rinse_volume_L": 28.0}, {"name": "SFT-103", "surface_area_in2": 5291.0, "rinse_volume_L": 21.0}, {"name": "MM-101", "surface_area_in2": 5397.0, "rinse_volume_L": 22.0}], "maco_pde": 5010.0, "maco_dose": 12000.0, "maco_10ppm": 300000.0, "governing_maco_pair": 5010.0, "total_rinse_vol_L": 111.0, "total_area_in2": 75314.0, "rinse_limit_ppm": 45.1351, "swab_limit_ppm": 5.9869, "loq_ppm": 0.05, "rinse_status": "PASS", "swab_status": "PASS"}, {"target_product": "Sorafenib", "shared_equipment": [{"name": "Reactor-101", "surface_area_in2": 21117.0, "rinse_volume_L": 20.0}, {"name": "Reactor-102", "surface_area_in2": 21539.0, "rinse_volume_L": 20.0}, {"name": "Reactor-103", "surface_area_in2": 21970.0, "rinse_volume_L": 28.0}, {"name": "Reactor-104", "surface_area_in2": 21970.0, "rinse_volume_L": 30.0}, {"name": "ANFD-101", "surface_area_in2": 11117.0, "rinse_volume_L": 24.0}, {"name": "SFT-101", "surface_area_in2": 5086.0, "rinse_volume_L": 20.0}, {"name": "SFT-103", "surface_area_in2": 5291.0, "rinse_volume_L": 21.0}, {"name": "MM-101", "surface_area_in2": 5397.0, "rinse_volume_L": 22.0}], "maco_pde": 16700.0, "maco_dose": 40000.0, "maco_10ppm": 800000.0, "governing_maco_pair": 16700.0, "total_rinse_vol_L": 185.0, "total_area_in2": 113487.0, "rinse_limit_ppm": 90.2703, "swab_limit_ppm": 13.2438, "loq_ppm": 0.05, "rinse_status": "PASS", "swab_status": "PASS"}, {"target_product": "Nilotinib ", "shared_equipment": [{"name": "Reactor-101", "surface_area_in2": 21117.0, "rinse_volume_L": 20.0}, {"name": "Reactor-102", "surface_area_in2": 21539.0, "rinse_volume_L": 20.0}, {"name": "SFT-103", "surface_area_in2": 5291.0, "rinse_volume_L": 21.0}, {"name": "MM-101", "surface_area_in2": 5397.0, "rinse_volume_L": 22.0}], "maco_pde": 3131.25, "maco_dose": 7500.0, "maco_10ppm": 150000.0, "governing_maco_pair": 3131.25, "total_rinse_vol_L": 83.0, "total_area_in2": 53344.0, "rinse_limit_ppm": 37.7259, "swab_limit_ppm": 5.2829, "loq_ppm": 0.05, "rinse_status": "PASS", "swab_status": "PASS"}]
13	2026-05-17T03:34:08Z	admin	1	Imatinib	0.167	400	0.05	0.031	HPLC	3131.25	[{"target_product": "Abiraterone", "shared_equipment": [{"name": "Reactor-101", "surface_area_in2": 21117.0, "rinse_volume_L": 20.0}, {"name": "Reactor-102", "surface_area_in2": 21539.0, "rinse_volume_L": 20.0}, {"name": "Reactor-103", "surface_area_in2": 21970.0, "rinse_volume_L": 28.0}, {"name": "SFT-103", "surface_area_in2": 5291.0, "rinse_volume_L": 21.0}, {"name": "MM-101", "surface_area_in2": 5397.0, "rinse_volume_L": 22.0}], "maco_pde": 5010.0, "maco_dose": 12000.0, "maco_10ppm": 300000.0, "governing_maco_pair": 5010.0, "total_rinse_vol_L": 111.0, "total_area_in2": 75314.0, "rinse_limit_ppm": 45.1351, "swab_limit_ppm": 5.9869, "loq_ppm": 0.05, "rinse_status": "PASS", "swab_status": "PASS"}, {"target_product": "Sorafenib", "shared_equipment": [{"name": "Reactor-101", "surface_area_in2": 21117.0, "rinse_volume_L": 20.0}, {"name": "Reactor-102", "surface_area_in2": 21539.0, "rinse_volume_L": 20.0}, {"name": "Reactor-103", "surface_area_in2": 21970.0, "rinse_volume_L": 28.0}, {"name": "Reactor-104", "surface_area_in2": 21970.0, "rinse_volume_L": 30.0}, {"name": "ANFD-101", "surface_area_in2": 11117.0, "rinse_volume_L": 24.0}, {"name": "SFT-101", "surface_area_in2": 5086.0, "rinse_volume_L": 20.0}, {"name": "SFT-103", "surface_area_in2": 5291.0, "rinse_volume_L": 21.0}, {"name": "MM-101", "surface_area_in2": 5397.0, "rinse_volume_L": 22.0}], "maco_pde": 16700.0, "maco_dose": 40000.0, "maco_10ppm": 800000.0, "governing_maco_pair": 16700.0, "total_rinse_vol_L": 185.0, "total_area_in2": 113487.0, "rinse_limit_ppm": 90.2703, "swab_limit_ppm": 13.2438, "loq_ppm": 0.05, "rinse_status": "PASS", "swab_status": "PASS"}, {"target_product": "Nilotinib ", "shared_equipment": [{"name": "Reactor-101", "surface_area_in2": 21117.0, "rinse_volume_L": 20.0}, {"name": "Reactor-102", "surface_area_in2": 21539.0, "rinse_volume_L": 20.0}, {"name": "SFT-103", "surface_area_in2": 5291.0, "rinse_volume_L": 21.0}, {"name": "MM-101", "surface_area_in2": 5397.0, "rinse_volume_L": 22.0}], "maco_pde": 3131.25, "maco_dose": 7500.0, "maco_10ppm": 150000.0, "governing_maco_pair": 3131.25, "total_rinse_vol_L": 83.0, "total_area_in2": 53344.0, "rinse_limit_ppm": 37.7259, "swab_limit_ppm": 5.2829, "loq_ppm": 0.05, "rinse_status": "PASS", "swab_status": "PASS"}]
14	2026-05-17T03:37:05Z	admin	1	Imatinib	0.167	400	0.05	0.031	HPLC	3131.25	[{"target_product": "Abiraterone", "shared_equipment": [{"name": "Reactor-101", "surface_area_in2": 21117.0, "rinse_volume_L": 20.0}, {"name": "Reactor-102", "surface_area_in2": 21539.0, "rinse_volume_L": 20.0}, {"name": "Reactor-103", "surface_area_in2": 21970.0, "rinse_volume_L": 28.0}, {"name": "SFT-103", "surface_area_in2": 5291.0, "rinse_volume_L": 21.0}, {"name": "MM-101", "surface_area_in2": 5397.0, "rinse_volume_L": 22.0}], "maco_pde": 5010.0, "maco_dose": 12000.0, "maco_10ppm": 300000.0, "governing_maco_pair": 5010.0, "total_rinse_vol_L": 111.0, "total_area_in2": 75314.0, "rinse_limit_ppm": 45.1351, "swab_limit_ppm": 5.9869, "loq_ppm": 0.05, "rinse_status": "PASS", "swab_status": "PASS"}, {"target_product": "Sorafenib", "shared_equipment": [{"name": "Reactor-101", "surface_area_in2": 21117.0, "rinse_volume_L": 20.0}, {"name": "Reactor-102", "surface_area_in2": 21539.0, "rinse_volume_L": 20.0}, {"name": "Reactor-103", "surface_area_in2": 21970.0, "rinse_volume_L": 28.0}, {"name": "Reactor-104", "surface_area_in2": 21970.0, "rinse_volume_L": 30.0}, {"name": "ANFD-101", "surface_area_in2": 11117.0, "rinse_volume_L": 24.0}, {"name": "SFT-101", "surface_area_in2": 5086.0, "rinse_volume_L": 20.0}, {"name": "SFT-103", "surface_area_in2": 5291.0, "rinse_volume_L": 21.0}, {"name": "MM-101", "surface_area_in2": 5397.0, "rinse_volume_L": 22.0}], "maco_pde": 16700.0, "maco_dose": 40000.0, "maco_10ppm": 800000.0, "governing_maco_pair": 16700.0, "total_rinse_vol_L": 185.0, "total_area_in2": 113487.0, "rinse_limit_ppm": 90.2703, "swab_limit_ppm": 13.2438, "loq_ppm": 0.05, "rinse_status": "PASS", "swab_status": "PASS"}, {"target_product": "Nilotinib ", "shared_equipment": [{"name": "Reactor-101", "surface_area_in2": 21117.0, "rinse_volume_L": 20.0}, {"name": "Reactor-102", "surface_area_in2": 21539.0, "rinse_volume_L": 20.0}, {"name": "SFT-103", "surface_area_in2": 5291.0, "rinse_volume_L": 21.0}, {"name": "MM-101", "surface_area_in2": 5397.0, "rinse_volume_L": 22.0}], "maco_pde": 3131.25, "maco_dose": 7500.0, "maco_10ppm": 150000.0, "governing_maco_pair": 3131.25, "total_rinse_vol_L": 83.0, "total_area_in2": 53344.0, "rinse_limit_ppm": 37.7259, "swab_limit_ppm": 5.2829, "loq_ppm": 0.05, "rinse_status": "PASS", "swab_status": "PASS"}]
15	2026-05-17T03:37:17Z	admin	1	Imatinib	0.167	400	0.05	0.031	HPLC	3131.25	[{"target_product": "Abiraterone", "shared_equipment": [{"name": "Reactor-101", "surface_area_in2": 21117.0, "rinse_volume_L": 20.0}, {"name": "Reactor-102", "surface_area_in2": 21539.0, "rinse_volume_L": 20.0}, {"name": "Reactor-103", "surface_area_in2": 21970.0, "rinse_volume_L": 28.0}, {"name": "SFT-103", "surface_area_in2": 5291.0, "rinse_volume_L": 21.0}, {"name": "MM-101", "surface_area_in2": 5397.0, "rinse_volume_L": 22.0}], "maco_pde": 5010.0, "maco_dose": 12000.0, "maco_10ppm": 300000.0, "governing_maco_pair": 5010.0, "total_rinse_vol_L": 111.0, "total_area_in2": 75314.0, "rinse_limit_ppm": 45.1351, "swab_limit_ppm": 5.9869, "loq_ppm": 0.05, "rinse_status": "PASS", "swab_status": "PASS"}, {"target_product": "Sorafenib", "shared_equipment": [{"name": "Reactor-101", "surface_area_in2": 21117.0, "rinse_volume_L": 20.0}, {"name": "Reactor-102", "surface_area_in2": 21539.0, "rinse_volume_L": 20.0}, {"name": "Reactor-103", "surface_area_in2": 21970.0, "rinse_volume_L": 28.0}, {"name": "Reactor-104", "surface_area_in2": 21970.0, "rinse_volume_L": 30.0}, {"name": "ANFD-101", "surface_area_in2": 11117.0, "rinse_volume_L": 24.0}, {"name": "SFT-101", "surface_area_in2": 5086.0, "rinse_volume_L": 20.0}, {"name": "SFT-103", "surface_area_in2": 5291.0, "rinse_volume_L": 21.0}, {"name": "MM-101", "surface_area_in2": 5397.0, "rinse_volume_L": 22.0}], "maco_pde": 16700.0, "maco_dose": 40000.0, "maco_10ppm": 800000.0, "governing_maco_pair": 16700.0, "total_rinse_vol_L": 185.0, "total_area_in2": 113487.0, "rinse_limit_ppm": 90.2703, "swab_limit_ppm": 13.2438, "loq_ppm": 0.05, "rinse_status": "PASS", "swab_status": "PASS"}, {"target_product": "Nilotinib ", "shared_equipment": [{"name": "Reactor-101", "surface_area_in2": 21117.0, "rinse_volume_L": 20.0}, {"name": "Reactor-102", "surface_area_in2": 21539.0, "rinse_volume_L": 20.0}, {"name": "SFT-103", "surface_area_in2": 5291.0, "rinse_volume_L": 21.0}, {"name": "MM-101", "surface_area_in2": 5397.0, "rinse_volume_L": 22.0}], "maco_pde": 3131.25, "maco_dose": 7500.0, "maco_10ppm": 150000.0, "governing_maco_pair": 3131.25, "total_rinse_vol_L": 83.0, "total_area_in2": 53344.0, "rinse_limit_ppm": 37.7259, "swab_limit_ppm": 5.2829, "loq_ppm": 0.05, "rinse_status": "PASS", "swab_status": "PASS"}]
16	2026-05-17T03:37:17Z	admin	2	Abiraterone	0.278	250	1.5	0.6	HPLC	4687.5	[{"target_product": "Imatinib", "shared_equipment": [{"name": "Reactor-101", "surface_area_in2": 21117.0, "rinse_volume_L": 20.0}, {"name": "Reactor-102", "surface_area_in2": 21539.0, "rinse_volume_L": 20.0}, {"name": "Reactor-103", "surface_area_in2": 21970.0, "rinse_volume_L": 28.0}, {"name": "SFT-103", "surface_area_in2": 5291.0, "rinse_volume_L": 21.0}, {"name": "MM-101", "surface_area_in2": 5397.0, "rinse_volume_L": 22.0}], "maco_pde": 15985.0, "maco_dose": 14375.0, "maco_10ppm": 460000.0, "governing_maco_pair": 14375.0, "total_rinse_vol_L": 111.0, "total_area_in2": 75314.0, "rinse_limit_ppm": 129.5045, "swab_limit_ppm": 17.1781, "loq_ppm": 1.5, "rinse_status": "PASS", "swab_status": "PASS"}, {"target_product": "Sorafenib", "shared_equipment": [{"name": "Reactor-101", "surface_area_in2": 21117.0, "rinse_volume_L": 20.0}, {"name": "Reactor-102", "surface_area_in2": 21539.0, "rinse_volume_L": 20.0}, {"name": "Reactor-103", "surface_area_in2": 21970.0, "rinse_volume_L": 28.0}, {"name": "ANFD-102", "surface_area_in2": 11339.0, "rinse_volume_L": 25.0}, {"name": "SFT-102", "surface_area_in2": 5188.0, "rinse_volume_L": 21.0}, {"name": "SFT-103", "surface_area_in2": 5291.0, "rinse_volume_L": 21.0}, {"name": "MM-101", "surface_area_in2": 5397.0, "rinse_volume_L": 22.0}], "maco_pde": 27800.0, "maco_dose": 25000.0, "maco_10ppm": 800000.0, "governing_maco_pair": 25000.0, "total_rinse_vol_L": 157.0, "total_area_in2": 91841.0, "rinse_limit_ppm": 159.2357, "swab_limit_ppm": 24.4989, "loq_ppm": 1.5, "rinse_status": "PASS", "swab_status": "PASS"}, {"target_product": "Nilotinib ", "shared_equipment": [{"name": "Reactor-101", "surface_area_in2": 21117.0, "rinse_volume_L": 20.0}, {"name": "Reactor-102", "surface_area_in2": 21539.0, "rinse_volume_L": 20.0}, {"name": "ANFD-102", "surface_area_in2": 11339.0, "rinse_volume_L": 25.0}, {"name": "SFT-102", "surface_area_in2": 5188.0, "rinse_volume_L": 21.0}, {"name": "SFT-103", "surface_area_in2": 5291.0, "rinse_volume_L": 21.0}, {"name": "MM-101", "surface_area_in2": 5397.0, "rinse_volume_L": 22.0}], "maco_pde": 5212.5, "maco_dose": 4687.5, "maco_10ppm": 150000.0, "governing_maco_pair": 4687.5, "total_rinse_vol_L": 129.0, "total_area_in2": 69871.0, "rinse_limit_ppm": 36.3372, "swab_limit_ppm": 6.0379, "loq_ppm": 1.5, "rinse_status": "PASS", "swab_status": "PASS"}]
17	2026-05-17T03:37:17Z	admin	4	Sorafenib	0.12	200	0.3	0.09	HPLC	2250	[{"target_product": "Imatinib", "shared_equipment": [{"name": "Reactor-101", "surface_area_in2": 21117.0, "rinse_volume_L": 20.0}, {"name": "Reactor-102", "surface_area_in2": 21539.0, "rinse_volume_L": 20.0}, {"name": "Reactor-103", "surface_area_in2": 21970.0, "rinse_volume_L": 28.0}, {"name": "Reactor-104", "surface_area_in2": 21970.0, "rinse_volume_L": 30.0}, {"name": "ANFD-101", "surface_area_in2": 11117.0, "rinse_volume_L": 24.0}, {"name": "SFT-101", "surface_area_in2": 5086.0, "rinse_volume_L": 20.0}, {"name": "SFT-103", "surface_area_in2": 5291.0, "rinse_volume_L": 21.0}, {"name": "MM-101", "surface_area_in2": 5397.0, "rinse_volume_L": 22.0}], "maco_pde": 6900.0, "maco_dose": 11500.0, "maco_10ppm": 460000.0, "governing_maco_pair": 6900.0, "total_rinse_vol_L": 185.0, "total_area_in2": 113487.0, "rinse_limit_ppm": 37.2973, "swab_limit_ppm": 5.472, "loq_ppm": 0.3, "rinse_status": "PASS", "swab_status": "PASS"}, {"target_product": "Abiraterone", "shared_equipment": [{"name": "Reactor-101", "surface_area_in2": 21117.0, "rinse_volume_L": 20.0}, {"name": "Reactor-102", "surface_area_in2": 21539.0, "rinse_volume_L": 20.0}, {"name": "Reactor-103", "surface_area_in2": 21970.0, "rinse_volume_L": 28.0}, {"name": "ANFD-102", "surface_area_in2": 11339.0, "rinse_volume_L": 25.0}, {"name": "SFT-102", "surface_area_in2": 5188.0, "rinse_volume_L": 21.0}, {"name": "SFT-103", "surface_area_in2": 5291.0, "rinse_volume_L": 21.0}, {"name": "MM-101", "surface_area_in2": 5397.0, "rinse_volume_L": 22.0}], "maco_pde": 3600.0, "maco_dose": 6000.0, "maco_10ppm": 300000.0, "governing_maco_pair": 3600.0, "total_rinse_vol_L": 157.0, "total_area_in2": 91841.0, "rinse_limit_ppm": 22.9299, "swab_limit_ppm": 3.5278, "loq_ppm": 0.3, "rinse_status": "PASS", "swab_status": "PASS"}, {"target_product": "Nilotinib ", "shared_equipment": [{"name": "Reactor-101", "surface_area_in2": 21117.0, "rinse_volume_L": 20.0}, {"name": "Reactor-102", "surface_area_in2": 21539.0, "rinse_volume_L": 20.0}, {"name": "Reactor-105", "surface_area_in2": 22858.0, "rinse_volume_L": 31.0}, {"name": "ANFD-102", "surface_area_in2": 11339.0, "rinse_volume_L": 25.0}, {"name": "SFT-102", "surface_area_in2": 5188.0, "rinse_volume_L": 21.0}, {"name": "SFT-103", "surface_area_in2": 5291.0, "rinse_volume_L": 21.0}, {"name": "MM-101", "surface_area_in2": 5397.0, "rinse_volume_L": 22.0}, {"name": "MM-102", "surface_area_in2": 5505.0, "rinse_volume_L": 22.0}], "maco_pde": 2250.0, "maco_dose": 3750.0, "maco_10ppm": 150000.0, "governing_maco_pair": 2250.0, "total_rinse_vol_L": 182.0, "total_area_in2": 98234.0, "rinse_limit_ppm": 12.3626, "swab_limit_ppm": 2.0614, "loq_ppm": 0.3, "rinse_status": "PASS", "swab_status": "PASS"}]
19	2026-05-17T05:46:16Z	admin	1	Imatinib	0.167	400	0.05	0.031	HPLC	3131.25	[{"target_product": "Abiraterone", "shared_equipment": [{"name": "Reactor-101", "surface_area_in2": 21117.0, "rinse_volume_L": 20.0}, {"name": "Reactor-102", "surface_area_in2": 21539.0, "rinse_volume_L": 20.0}, {"name": "Reactor-103", "surface_area_in2": 21970.0, "rinse_volume_L": 28.0}, {"name": "SFT-103", "surface_area_in2": 5291.0, "rinse_volume_L": 21.0}, {"name": "MM-101", "surface_area_in2": 5397.0, "rinse_volume_L": 22.0}], "maco_pde": 5010.0, "maco_dose": 12000.0, "maco_10ppm": 300000.0, "governing_maco_pair": 5010.0, "total_rinse_vol_L": 111.0, "total_area_in2": 75314.0, "rinse_limit_ppm": 45.1351, "swab_limit_ppm": 5.9869, "loq_ppm": 0.05, "rinse_status": "PASS", "swab_status": "PASS"}, {"target_product": "Sorafenib", "shared_equipment": [{"name": "Reactor-101", "surface_area_in2": 21117.0, "rinse_volume_L": 20.0}, {"name": "Reactor-102", "surface_area_in2": 21539.0, "rinse_volume_L": 20.0}, {"name": "Reactor-103", "surface_area_in2": 21970.0, "rinse_volume_L": 28.0}, {"name": "Reactor-104", "surface_area_in2": 21970.0, "rinse_volume_L": 30.0}, {"name": "ANFD-101", "surface_area_in2": 11117.0, "rinse_volume_L": 24.0}, {"name": "SFT-101", "surface_area_in2": 5086.0, "rinse_volume_L": 20.0}, {"name": "SFT-103", "surface_area_in2": 5291.0, "rinse_volume_L": 21.0}, {"name": "MM-101", "surface_area_in2": 5397.0, "rinse_volume_L": 22.0}], "maco_pde": 16700.0, "maco_dose": 40000.0, "maco_10ppm": 800000.0, "governing_maco_pair": 16700.0, "total_rinse_vol_L": 185.0, "total_area_in2": 113487.0, "rinse_limit_ppm": 90.2703, "swab_limit_ppm": 13.2438, "loq_ppm": 0.05, "rinse_status": "PASS", "swab_status": "PASS"}, {"target_product": "Nilotinib ", "shared_equipment": [{"name": "Reactor-101", "surface_area_in2": 21117.0, "rinse_volume_L": 20.0}, {"name": "Reactor-102", "surface_area_in2": 21539.0, "rinse_volume_L": 20.0}, {"name": "SFT-103", "surface_area_in2": 5291.0, "rinse_volume_L": 21.0}, {"name": "MM-101", "surface_area_in2": 5397.0, "rinse_volume_L": 22.0}], "maco_pde": 3131.25, "maco_dose": 7500.0, "maco_10ppm": 150000.0, "governing_maco_pair": 3131.25, "total_rinse_vol_L": 83.0, "total_area_in2": 53344.0, "rinse_limit_ppm": 37.7259, "swab_limit_ppm": 5.2829, "loq_ppm": 0.05, "rinse_status": "PASS", "swab_status": "PASS"}]
20	2026-05-17T05:54:20Z	admin	1	Imatinib	0.167	400	0.05	0.031	HPLC	3131.25	[{"target_product": "Abiraterone", "shared_equipment": [{"name": "Reactor-101", "surface_area_in2": 21117.0, "rinse_volume_L": 20.0}, {"name": "Reactor-102", "surface_area_in2": 21539.0, "rinse_volume_L": 20.0}, {"name": "Reactor-103", "surface_area_in2": 21970.0, "rinse_volume_L": 28.0}, {"name": "SFT-103", "surface_area_in2": 5291.0, "rinse_volume_L": 21.0}, {"name": "MM-101", "surface_area_in2": 5397.0, "rinse_volume_L": 22.0}], "maco_pde": 5010.0, "maco_dose": 12000.0, "maco_10ppm": 300000.0, "governing_maco_pair": 5010.0, "total_rinse_vol_L": 111.0, "total_area_in2": 75314.0, "rinse_limit_ppm": 45.1351, "swab_limit_ppm": 5.9869, "loq_ppm": 0.05, "rinse_status": "PASS", "swab_status": "PASS"}, {"target_product": "Sorafenib", "shared_equipment": [{"name": "Reactor-101", "surface_area_in2": 21117.0, "rinse_volume_L": 20.0}, {"name": "Reactor-102", "surface_area_in2": 21539.0, "rinse_volume_L": 20.0}, {"name": "Reactor-103", "surface_area_in2": 21970.0, "rinse_volume_L": 28.0}, {"name": "Reactor-104", "surface_area_in2": 21970.0, "rinse_volume_L": 30.0}, {"name": "ANFD-101", "surface_area_in2": 11117.0, "rinse_volume_L": 24.0}, {"name": "SFT-101", "surface_area_in2": 5086.0, "rinse_volume_L": 20.0}, {"name": "SFT-103", "surface_area_in2": 5291.0, "rinse_volume_L": 21.0}, {"name": "MM-101", "surface_area_in2": 5397.0, "rinse_volume_L": 22.0}], "maco_pde": 16700.0, "maco_dose": 40000.0, "maco_10ppm": 800000.0, "governing_maco_pair": 16700.0, "total_rinse_vol_L": 185.0, "total_area_in2": 113487.0, "rinse_limit_ppm": 90.2703, "swab_limit_ppm": 13.2438, "loq_ppm": 0.05, "rinse_status": "PASS", "swab_status": "PASS"}, {"target_product": "Nilotinib ", "shared_equipment": [{"name": "Reactor-101", "surface_area_in2": 21117.0, "rinse_volume_L": 20.0}, {"name": "Reactor-102", "surface_area_in2": 21539.0, "rinse_volume_L": 20.0}, {"name": "SFT-103", "surface_area_in2": 5291.0, "rinse_volume_L": 21.0}, {"name": "MM-101", "surface_area_in2": 5397.0, "rinse_volume_L": 22.0}], "maco_pde": 3131.25, "maco_dose": 7500.0, "maco_10ppm": 150000.0, "governing_maco_pair": 3131.25, "total_rinse_vol_L": 83.0, "total_area_in2": 53344.0, "rinse_limit_ppm": 37.7259, "swab_limit_ppm": 5.2829, "loq_ppm": 0.05, "rinse_status": "PASS", "swab_status": "PASS"}]
21	2026-05-17T05:54:38Z	admin	1	Imatinib	0.167	400	0.05	0.031	HPLC	3131.25	[{"target_product": "Abiraterone", "shared_equipment": [{"name": "Reactor-101", "surface_area_in2": 21117.0, "rinse_volume_L": 20.0}, {"name": "Reactor-102", "surface_area_in2": 21539.0, "rinse_volume_L": 20.0}, {"name": "Reactor-103", "surface_area_in2": 21970.0, "rinse_volume_L": 28.0}, {"name": "SFT-103", "surface_area_in2": 5291.0, "rinse_volume_L": 21.0}, {"name": "MM-101", "surface_area_in2": 5397.0, "rinse_volume_L": 22.0}], "maco_pde": 5010.0, "maco_dose": 12000.0, "maco_10ppm": 300000.0, "governing_maco_pair": 5010.0, "total_rinse_vol_L": 111.0, "total_area_in2": 75314.0, "rinse_limit_ppm": 45.1351, "swab_limit_ppm": 5.9869, "loq_ppm": 0.05, "rinse_status": "PASS", "swab_status": "PASS"}, {"target_product": "Sorafenib", "shared_equipment": [{"name": "Reactor-101", "surface_area_in2": 21117.0, "rinse_volume_L": 20.0}, {"name": "Reactor-102", "surface_area_in2": 21539.0, "rinse_volume_L": 20.0}, {"name": "Reactor-103", "surface_area_in2": 21970.0, "rinse_volume_L": 28.0}, {"name": "Reactor-104", "surface_area_in2": 21970.0, "rinse_volume_L": 30.0}, {"name": "ANFD-101", "surface_area_in2": 11117.0, "rinse_volume_L": 24.0}, {"name": "SFT-101", "surface_area_in2": 5086.0, "rinse_volume_L": 20.0}, {"name": "SFT-103", "surface_area_in2": 5291.0, "rinse_volume_L": 21.0}, {"name": "MM-101", "surface_area_in2": 5397.0, "rinse_volume_L": 22.0}], "maco_pde": 16700.0, "maco_dose": 40000.0, "maco_10ppm": 800000.0, "governing_maco_pair": 16700.0, "total_rinse_vol_L": 185.0, "total_area_in2": 113487.0, "rinse_limit_ppm": 90.2703, "swab_limit_ppm": 13.2438, "loq_ppm": 0.05, "rinse_status": "PASS", "swab_status": "PASS"}, {"target_product": "Nilotinib ", "shared_equipment": [{"name": "Reactor-101", "surface_area_in2": 21117.0, "rinse_volume_L": 20.0}, {"name": "Reactor-102", "surface_area_in2": 21539.0, "rinse_volume_L": 20.0}, {"name": "SFT-103", "surface_area_in2": 5291.0, "rinse_volume_L": 21.0}, {"name": "MM-101", "surface_area_in2": 5397.0, "rinse_volume_L": 22.0}], "maco_pde": 3131.25, "maco_dose": 7500.0, "maco_10ppm": 150000.0, "governing_maco_pair": 3131.25, "total_rinse_vol_L": 83.0, "total_area_in2": 53344.0, "rinse_limit_ppm": 37.7259, "swab_limit_ppm": 5.2829, "loq_ppm": 0.05, "rinse_status": "PASS", "swab_status": "PASS"}]
22	2026-05-17T06:34:48Z	admin	1	Imatinib	0.167	400	0.05	0.031	HPLC	3131.25	[{"target_product": "Abiraterone", "shared_equipment": [{"name": "Reactor-101", "category_id": 1, "category_name": "Reactor", "surface_area_in2": 21117.0, "rinse_volume_L": 20.0}, {"name": "Reactor-102", "category_id": 1, "category_name": "Reactor", "surface_area_in2": 21539.0, "rinse_volume_L": 20.0}, {"name": "Reactor-103", "category_id": 1, "category_name": "Reactor", "surface_area_in2": 21970.0, "rinse_volume_L": 28.0}, {"name": "SFT-103", "category_id": 3, "category_name": "Sifter", "surface_area_in2": 5291.0, "rinse_volume_L": 21.0}, {"name": "MM-101", "category_id": 4, "category_name": "Multi Mill", "surface_area_in2": 5397.0, "rinse_volume_L": 22.0}], "maco_pde": 5010.0, "maco_dose": 12000.0, "maco_10ppm": 300000.0, "governing_maco_pair": 5010.0, "total_rinse_vol_L": 111.0, "total_area_in2": 75314.0, "rinse_limit_ppm": 45.1351, "swab_limit_ppm": 5.9869, "loq_ppm": 0.05, "rinse_status": "PASS", "swab_status": "PASS"}, {"target_product": "Sorafenib", "shared_equipment": [{"name": "Reactor-101", "category_id": 1, "category_name": "Reactor", "surface_area_in2": 21117.0, "rinse_volume_L": 20.0}, {"name": "Reactor-102", "category_id": 1, "category_name": "Reactor", "surface_area_in2": 21539.0, "rinse_volume_L": 20.0}, {"name": "Reactor-103", "category_id": 1, "category_name": "Reactor", "surface_area_in2": 21970.0, "rinse_volume_L": 28.0}, {"name": "Reactor-104", "category_id": 1, "category_name": "Reactor", "surface_area_in2": 21970.0, "rinse_volume_L": 30.0}, {"name": "ANFD-101", "category_id": 2, "category_name": "Agitated Nutsche Filter Drier", "surface_area_in2": 11117.0, "rinse_volume_L": 24.0}, {"name": "SFT-101", "category_id": 3, "category_name": "Sifter", "surface_area_in2": 5086.0, "rinse_volume_L": 20.0}, {"name": "SFT-103", "category_id": 3, "category_name": "Sifter", "surface_area_in2": 5291.0, "rinse_volume_L": 21.0}, {"name": "MM-101", "category_id": 4, "category_name": "Multi Mill", "surface_area_in2": 5397.0, "rinse_volume_L": 22.0}], "maco_pde": 16700.0, "maco_dose": 40000.0, "maco_10ppm": 800000.0, "governing_maco_pair": 16700.0, "total_rinse_vol_L": 185.0, "total_area_in2": 113487.0, "rinse_limit_ppm": 90.2703, "swab_limit_ppm": 13.2438, "loq_ppm": 0.05, "rinse_status": "PASS", "swab_status": "PASS"}, {"target_product": "Nilotinib ", "shared_equipment": [{"name": "Reactor-101", "category_id": 1, "category_name": "Reactor", "surface_area_in2": 21117.0, "rinse_volume_L": 20.0}, {"name": "Reactor-102", "category_id": 1, "category_name": "Reactor", "surface_area_in2": 21539.0, "rinse_volume_L": 20.0}, {"name": "SFT-103", "category_id": 3, "category_name": "Sifter", "surface_area_in2": 5291.0, "rinse_volume_L": 21.0}, {"name": "MM-101", "category_id": 4, "category_name": "Multi Mill", "surface_area_in2": 5397.0, "rinse_volume_L": 22.0}], "maco_pde": 3131.25, "maco_dose": 7500.0, "maco_10ppm": 150000.0, "governing_maco_pair": 3131.25, "total_rinse_vol_L": 83.0, "total_area_in2": 53344.0, "rinse_limit_ppm": 37.7259, "swab_limit_ppm": 5.2829, "loq_ppm": 0.05, "rinse_status": "PASS", "swab_status": "PASS"}]
23	2026-05-17T10:49:28Z	admin	1	Imatinib	0.167	400	0.05	0.031	HPLC	3131.25	[{"target_product": "Abiraterone", "shared_equipment": [{"name": "Reactor-101", "category_id": 1, "category_name": "Reactor", "surface_area_in2": 21117.0, "rinse_volume_L": 20.0}, {"name": "Reactor-102", "category_id": 1, "category_name": "Reactor", "surface_area_in2": 21539.0, "rinse_volume_L": 20.0}, {"name": "Reactor-103", "category_id": 1, "category_name": "Reactor", "surface_area_in2": 21970.0, "rinse_volume_L": 28.0}, {"name": "SFT-103", "category_id": 3, "category_name": "Sifter", "surface_area_in2": 5291.0, "rinse_volume_L": 21.0}, {"name": "MM-101", "category_id": 4, "category_name": "Multi Mill", "surface_area_in2": 5397.0, "rinse_volume_L": 22.0}], "maco_pde": 5010.0, "maco_dose": 12000.0, "maco_10ppm": 300000.0, "governing_maco_pair": 5010.0, "total_rinse_vol_L": 111.0, "total_area_in2": 75314.0, "rinse_limit_ppm": 45.1351, "swab_limit_ppm": 5.9869, "loq_ppm": 0.05, "rinse_status": "PASS", "swab_status": "PASS"}, {"target_product": "Sorafenib", "shared_equipment": [{"name": "Reactor-101", "category_id": 1, "category_name": "Reactor", "surface_area_in2": 21117.0, "rinse_volume_L": 20.0}, {"name": "Reactor-102", "category_id": 1, "category_name": "Reactor", "surface_area_in2": 21539.0, "rinse_volume_L": 20.0}, {"name": "Reactor-103", "category_id": 1, "category_name": "Reactor", "surface_area_in2": 21970.0, "rinse_volume_L": 28.0}, {"name": "Reactor-104", "category_id": 1, "category_name": "Reactor", "surface_area_in2": 21970.0, "rinse_volume_L": 30.0}, {"name": "ANFD-101", "category_id": 2, "category_name": "Agitated Nutsche Filter Drier", "surface_area_in2": 11117.0, "rinse_volume_L": 24.0}, {"name": "SFT-101", "category_id": 3, "category_name": "Sifter", "surface_area_in2": 5086.0, "rinse_volume_L": 20.0}, {"name": "SFT-103", "category_id": 3, "category_name": "Sifter", "surface_area_in2": 5291.0, "rinse_volume_L": 21.0}, {"name": "MM-101", "category_id": 4, "category_name": "Multi Mill", "surface_area_in2": 5397.0, "rinse_volume_L": 22.0}], "maco_pde": 16700.0, "maco_dose": 40000.0, "maco_10ppm": 800000.0, "governing_maco_pair": 16700.0, "total_rinse_vol_L": 185.0, "total_area_in2": 113487.0, "rinse_limit_ppm": 90.2703, "swab_limit_ppm": 13.2438, "loq_ppm": 0.05, "rinse_status": "PASS", "swab_status": "PASS"}, {"target_product": "Nilotinib ", "shared_equipment": [{"name": "Reactor-101", "category_id": 1, "category_name": "Reactor", "surface_area_in2": 21117.0, "rinse_volume_L": 20.0}, {"name": "Reactor-102", "category_id": 1, "category_name": "Reactor", "surface_area_in2": 21539.0, "rinse_volume_L": 20.0}, {"name": "SFT-103", "category_id": 3, "category_name": "Sifter", "surface_area_in2": 5291.0, "rinse_volume_L": 21.0}, {"name": "MM-101", "category_id": 4, "category_name": "Multi Mill", "surface_area_in2": 5397.0, "rinse_volume_L": 22.0}], "maco_pde": 3131.25, "maco_dose": 7500.0, "maco_10ppm": 150000.0, "governing_maco_pair": 3131.25, "total_rinse_vol_L": 83.0, "total_area_in2": 53344.0, "rinse_limit_ppm": 37.7259, "swab_limit_ppm": 5.2829, "loq_ppm": 0.05, "rinse_status": "PASS", "swab_status": "PASS"}]
24	2026-05-17T10:49:38Z	admin	2	Abiraterone	0.278	250	1.5	0.6	HPLC	4687.5	[{"target_product": "Imatinib", "shared_equipment": [{"name": "Reactor-101", "category_id": 1, "category_name": "Reactor", "surface_area_in2": 21117.0, "rinse_volume_L": 20.0}, {"name": "Reactor-102", "category_id": 1, "category_name": "Reactor", "surface_area_in2": 21539.0, "rinse_volume_L": 20.0}, {"name": "Reactor-103", "category_id": 1, "category_name": "Reactor", "surface_area_in2": 21970.0, "rinse_volume_L": 28.0}, {"name": "SFT-103", "category_id": 3, "category_name": "Sifter", "surface_area_in2": 5291.0, "rinse_volume_L": 21.0}, {"name": "MM-101", "category_id": 4, "category_name": "Multi Mill", "surface_area_in2": 5397.0, "rinse_volume_L": 22.0}], "maco_pde": 15985.0, "maco_dose": 14375.0, "maco_10ppm": 460000.0, "governing_maco_pair": 14375.0, "total_rinse_vol_L": 111.0, "total_area_in2": 75314.0, "rinse_limit_ppm": 129.5045, "swab_limit_ppm": 17.1781, "loq_ppm": 1.5, "rinse_status": "PASS", "swab_status": "PASS"}, {"target_product": "Sorafenib", "shared_equipment": [{"name": "Reactor-101", "category_id": 1, "category_name": "Reactor", "surface_area_in2": 21117.0, "rinse_volume_L": 20.0}, {"name": "Reactor-102", "category_id": 1, "category_name": "Reactor", "surface_area_in2": 21539.0, "rinse_volume_L": 20.0}, {"name": "Reactor-103", "category_id": 1, "category_name": "Reactor", "surface_area_in2": 21970.0, "rinse_volume_L": 28.0}, {"name": "ANFD-102", "category_id": 2, "category_name": "Agitated Nutsche Filter Drier", "surface_area_in2": 11339.0, "rinse_volume_L": 25.0}, {"name": "SFT-102", "category_id": 3, "category_name": "Sifter", "surface_area_in2": 5188.0, "rinse_volume_L": 21.0}, {"name": "SFT-103", "category_id": 3, "category_name": "Sifter", "surface_area_in2": 5291.0, "rinse_volume_L": 21.0}, {"name": "MM-101", "category_id": 4, "category_name": "Multi Mill", "surface_area_in2": 5397.0, "rinse_volume_L": 22.0}], "maco_pde": 27800.0, "maco_dose": 25000.0, "maco_10ppm": 800000.0, "governing_maco_pair": 25000.0, "total_rinse_vol_L": 157.0, "total_area_in2": 91841.0, "rinse_limit_ppm": 159.2357, "swab_limit_ppm": 24.4989, "loq_ppm": 1.5, "rinse_status": "PASS", "swab_status": "PASS"}, {"target_product": "Nilotinib ", "shared_equipment": [{"name": "Reactor-101", "category_id": 1, "category_name": "Reactor", "surface_area_in2": 21117.0, "rinse_volume_L": 20.0}, {"name": "Reactor-102", "category_id": 1, "category_name": "Reactor", "surface_area_in2": 21539.0, "rinse_volume_L": 20.0}, {"name": "ANFD-102", "category_id": 2, "category_name": "Agitated Nutsche Filter Drier", "surface_area_in2": 11339.0, "rinse_volume_L": 25.0}, {"name": "SFT-102", "category_id": 3, "category_name": "Sifter", "surface_area_in2": 5188.0, "rinse_volume_L": 21.0}, {"name": "SFT-103", "category_id": 3, "category_name": "Sifter", "surface_area_in2": 5291.0, "rinse_volume_L": 21.0}, {"name": "MM-101", "category_id": 4, "category_name": "Multi Mill", "surface_area_in2": 5397.0, "rinse_volume_L": 22.0}], "maco_pde": 5212.5, "maco_dose": 4687.5, "maco_10ppm": 150000.0, "governing_maco_pair": 4687.5, "total_rinse_vol_L": 129.0, "total_area_in2": 69871.0, "rinse_limit_ppm": 36.3372, "swab_limit_ppm": 6.0379, "loq_ppm": 1.5, "rinse_status": "PASS", "swab_status": "PASS"}]
25	2026-05-17T10:49:38Z	admin	1	Imatinib	0.167	400	0.05	0.031	HPLC	3131.25	[{"target_product": "Abiraterone", "shared_equipment": [{"name": "Reactor-101", "category_id": 1, "category_name": "Reactor", "surface_area_in2": 21117.0, "rinse_volume_L": 20.0}, {"name": "Reactor-102", "category_id": 1, "category_name": "Reactor", "surface_area_in2": 21539.0, "rinse_volume_L": 20.0}, {"name": "Reactor-103", "category_id": 1, "category_name": "Reactor", "surface_area_in2": 21970.0, "rinse_volume_L": 28.0}, {"name": "SFT-103", "category_id": 3, "category_name": "Sifter", "surface_area_in2": 5291.0, "rinse_volume_L": 21.0}, {"name": "MM-101", "category_id": 4, "category_name": "Multi Mill", "surface_area_in2": 5397.0, "rinse_volume_L": 22.0}], "maco_pde": 5010.0, "maco_dose": 12000.0, "maco_10ppm": 300000.0, "governing_maco_pair": 5010.0, "total_rinse_vol_L": 111.0, "total_area_in2": 75314.0, "rinse_limit_ppm": 45.1351, "swab_limit_ppm": 5.9869, "loq_ppm": 0.05, "rinse_status": "PASS", "swab_status": "PASS"}, {"target_product": "Sorafenib", "shared_equipment": [{"name": "Reactor-101", "category_id": 1, "category_name": "Reactor", "surface_area_in2": 21117.0, "rinse_volume_L": 20.0}, {"name": "Reactor-102", "category_id": 1, "category_name": "Reactor", "surface_area_in2": 21539.0, "rinse_volume_L": 20.0}, {"name": "Reactor-103", "category_id": 1, "category_name": "Reactor", "surface_area_in2": 21970.0, "rinse_volume_L": 28.0}, {"name": "Reactor-104", "category_id": 1, "category_name": "Reactor", "surface_area_in2": 21970.0, "rinse_volume_L": 30.0}, {"name": "ANFD-101", "category_id": 2, "category_name": "Agitated Nutsche Filter Drier", "surface_area_in2": 11117.0, "rinse_volume_L": 24.0}, {"name": "SFT-101", "category_id": 3, "category_name": "Sifter", "surface_area_in2": 5086.0, "rinse_volume_L": 20.0}, {"name": "SFT-103", "category_id": 3, "category_name": "Sifter", "surface_area_in2": 5291.0, "rinse_volume_L": 21.0}, {"name": "MM-101", "category_id": 4, "category_name": "Multi Mill", "surface_area_in2": 5397.0, "rinse_volume_L": 22.0}], "maco_pde": 16700.0, "maco_dose": 40000.0, "maco_10ppm": 800000.0, "governing_maco_pair": 16700.0, "total_rinse_vol_L": 185.0, "total_area_in2": 113487.0, "rinse_limit_ppm": 90.2703, "swab_limit_ppm": 13.2438, "loq_ppm": 0.05, "rinse_status": "PASS", "swab_status": "PASS"}, {"target_product": "Nilotinib ", "shared_equipment": [{"name": "Reactor-101", "category_id": 1, "category_name": "Reactor", "surface_area_in2": 21117.0, "rinse_volume_L": 20.0}, {"name": "Reactor-102", "category_id": 1, "category_name": "Reactor", "surface_area_in2": 21539.0, "rinse_volume_L": 20.0}, {"name": "SFT-103", "category_id": 3, "category_name": "Sifter", "surface_area_in2": 5291.0, "rinse_volume_L": 21.0}, {"name": "MM-101", "category_id": 4, "category_name": "Multi Mill", "surface_area_in2": 5397.0, "rinse_volume_L": 22.0}], "maco_pde": 3131.25, "maco_dose": 7500.0, "maco_10ppm": 150000.0, "governing_maco_pair": 3131.25, "total_rinse_vol_L": 83.0, "total_area_in2": 53344.0, "rinse_limit_ppm": 37.7259, "swab_limit_ppm": 5.2829, "loq_ppm": 0.05, "rinse_status": "PASS", "swab_status": "PASS"}]
26	2026-05-17T10:49:38Z	admin	5	Nilotinib 	0.2	200	0.2	0.06	HPLC	6000	[{"target_product": "Imatinib", "shared_equipment": [{"name": "Reactor-101", "category_id": 1, "category_name": "Reactor", "surface_area_in2": 21117.0, "rinse_volume_L": 20.0}, {"name": "Reactor-102", "category_id": 1, "category_name": "Reactor", "surface_area_in2": 21539.0, "rinse_volume_L": 20.0}, {"name": "SFT-103", "category_id": 3, "category_name": "Sifter", "surface_area_in2": 5291.0, "rinse_volume_L": 21.0}, {"name": "MM-101", "category_id": 4, "category_name": "Multi Mill", "surface_area_in2": 5397.0, "rinse_volume_L": 22.0}], "maco_pde": 11500.0, "maco_dose": 11500.0, "maco_10ppm": 460000.0, "governing_maco_pair": 11500.0, "total_rinse_vol_L": 83.0, "total_area_in2": 53344.0, "rinse_limit_ppm": 138.5542, "swab_limit_ppm": 19.4024, "loq_ppm": 0.2, "rinse_status": "PASS", "swab_status": "PASS"}, {"target_product": "Abiraterone", "shared_equipment": [{"name": "Reactor-101", "category_id": 1, "category_name": "Reactor", "surface_area_in2": 21117.0, "rinse_volume_L": 20.0}, {"name": "Reactor-102", "category_id": 1, "category_name": "Reactor", "surface_area_in2": 21539.0, "rinse_volume_L": 20.0}, {"name": "ANFD-102", "category_id": 2, "category_name": "Agitated Nutsche Filter Drier", "surface_area_in2": 11339.0, "rinse_volume_L": 25.0}, {"name": "SFT-102", "category_id": 3, "category_name": "Sifter", "surface_area_in2": 5188.0, "rinse_volume_L": 21.0}, {"name": "SFT-103", "category_id": 3, "category_name": "Sifter", "surface_area_in2": 5291.0, "rinse_volume_L": 21.0}, {"name": "MM-101", "category_id": 4, "category_name": "Multi Mill", "surface_area_in2": 5397.0, "rinse_volume_L": 22.0}], "maco_pde": 6000.0, "maco_dose": 6000.0, "maco_10ppm": 300000.0, "governing_maco_pair": 6000.0, "total_rinse_vol_L": 129.0, "total_area_in2": 69871.0, "rinse_limit_ppm": 46.5116, "swab_limit_ppm": 7.7285, "loq_ppm": 0.2, "rinse_status": "PASS", "swab_status": "PASS"}, {"target_product": "Sorafenib", "shared_equipment": [{"name": "Reactor-101", "category_id": 1, "category_name": "Reactor", "surface_area_in2": 21117.0, "rinse_volume_L": 20.0}, {"name": "Reactor-102", "category_id": 1, "category_name": "Reactor", "surface_area_in2": 21539.0, "rinse_volume_L": 20.0}, {"name": "Reactor-105", "category_id": 1, "category_name": "Reactor", "surface_area_in2": 22858.0, "rinse_volume_L": 31.0}, {"name": "ANFD-102", "category_id": 2, "category_name": "Agitated Nutsche Filter Drier", "surface_area_in2": 11339.0, "rinse_volume_L": 25.0}, {"name": "SFT-102", "category_id": 3, "category_name": "Sifter", "surface_area_in2": 5188.0, "rinse_volume_L": 21.0}, {"name": "SFT-103", "category_id": 3, "category_name": "Sifter", "surface_area_in2": 5291.0, "rinse_volume_L": 21.0}, {"name": "MM-101", "category_id": 4, "category_name": "Multi Mill", "surface_area_in2": 5397.0, "rinse_volume_L": 22.0}, {"name": "MM-102", "category_id": 4, "category_name": "Multi Mill", "surface_area_in2": 5505.0, "rinse_volume_L": 22.0}], "maco_pde": 20000.0, "maco_dose": 20000.0, "maco_10ppm": 800000.0, "governing_maco_pair": 20000.0, "total_rinse_vol_L": 182.0, "total_area_in2": 98234.0, "rinse_limit_ppm": 109.8901, "swab_limit_ppm": 18.3236, "loq_ppm": 0.2, "rinse_status": "PASS", "swab_status": "PASS"}]
27	2026-05-17T10:49:38Z	admin	4	Sorafenib	0.12	200	0.3	0.09	HPLC	2250	[{"target_product": "Imatinib", "shared_equipment": [{"name": "Reactor-101", "category_id": 1, "category_name": "Reactor", "surface_area_in2": 21117.0, "rinse_volume_L": 20.0}, {"name": "Reactor-102", "category_id": 1, "category_name": "Reactor", "surface_area_in2": 21539.0, "rinse_volume_L": 20.0}, {"name": "Reactor-103", "category_id": 1, "category_name": "Reactor", "surface_area_in2": 21970.0, "rinse_volume_L": 28.0}, {"name": "Reactor-104", "category_id": 1, "category_name": "Reactor", "surface_area_in2": 21970.0, "rinse_volume_L": 30.0}, {"name": "ANFD-101", "category_id": 2, "category_name": "Agitated Nutsche Filter Drier", "surface_area_in2": 11117.0, "rinse_volume_L": 24.0}, {"name": "SFT-101", "category_id": 3, "category_name": "Sifter", "surface_area_in2": 5086.0, "rinse_volume_L": 20.0}, {"name": "SFT-103", "category_id": 3, "category_name": "Sifter", "surface_area_in2": 5291.0, "rinse_volume_L": 21.0}, {"name": "MM-101", "category_id": 4, "category_name": "Multi Mill", "surface_area_in2": 5397.0, "rinse_volume_L": 22.0}], "maco_pde": 6900.0, "maco_dose": 11500.0, "maco_10ppm": 460000.0, "governing_maco_pair": 6900.0, "total_rinse_vol_L": 185.0, "total_area_in2": 113487.0, "rinse_limit_ppm": 37.2973, "swab_limit_ppm": 5.472, "loq_ppm": 0.3, "rinse_status": "PASS", "swab_status": "PASS"}, {"target_product": "Abiraterone", "shared_equipment": [{"name": "Reactor-101", "category_id": 1, "category_name": "Reactor", "surface_area_in2": 21117.0, "rinse_volume_L": 20.0}, {"name": "Reactor-102", "category_id": 1, "category_name": "Reactor", "surface_area_in2": 21539.0, "rinse_volume_L": 20.0}, {"name": "Reactor-103", "category_id": 1, "category_name": "Reactor", "surface_area_in2": 21970.0, "rinse_volume_L": 28.0}, {"name": "ANFD-102", "category_id": 2, "category_name": "Agitated Nutsche Filter Drier", "surface_area_in2": 11339.0, "rinse_volume_L": 25.0}, {"name": "SFT-102", "category_id": 3, "category_name": "Sifter", "surface_area_in2": 5188.0, "rinse_volume_L": 21.0}, {"name": "SFT-103", "category_id": 3, "category_name": "Sifter", "surface_area_in2": 5291.0, "rinse_volume_L": 21.0}, {"name": "MM-101", "category_id": 4, "category_name": "Multi Mill", "surface_area_in2": 5397.0, "rinse_volume_L": 22.0}], "maco_pde": 3600.0, "maco_dose": 6000.0, "maco_10ppm": 300000.0, "governing_maco_pair": 3600.0, "total_rinse_vol_L": 157.0, "total_area_in2": 91841.0, "rinse_limit_ppm": 22.9299, "swab_limit_ppm": 3.5278, "loq_ppm": 0.3, "rinse_status": "PASS", "swab_status": "PASS"}, {"target_product": "Nilotinib ", "shared_equipment": [{"name": "Reactor-101", "category_id": 1, "category_name": "Reactor", "surface_area_in2": 21117.0, "rinse_volume_L": 20.0}, {"name": "Reactor-102", "category_id": 1, "category_name": "Reactor", "surface_area_in2": 21539.0, "rinse_volume_L": 20.0}, {"name": "Reactor-105", "category_id": 1, "category_name": "Reactor", "surface_area_in2": 22858.0, "rinse_volume_L": 31.0}, {"name": "ANFD-102", "category_id": 2, "category_name": "Agitated Nutsche Filter Drier", "surface_area_in2": 11339.0, "rinse_volume_L": 25.0}, {"name": "SFT-102", "category_id": 3, "category_name": "Sifter", "surface_area_in2": 5188.0, "rinse_volume_L": 21.0}, {"name": "SFT-103", "category_id": 3, "category_name": "Sifter", "surface_area_in2": 5291.0, "rinse_volume_L": 21.0}, {"name": "MM-101", "category_id": 4, "category_name": "Multi Mill", "surface_area_in2": 5397.0, "rinse_volume_L": 22.0}, {"name": "MM-102", "category_id": 4, "category_name": "Multi Mill", "surface_area_in2": 5505.0, "rinse_volume_L": 22.0}], "maco_pde": 2250.0, "maco_dose": 3750.0, "maco_10ppm": 150000.0, "governing_maco_pair": 2250.0, "total_rinse_vol_L": 182.0, "total_area_in2": 98234.0, "rinse_limit_ppm": 12.3626, "swab_limit_ppm": 2.0614, "loq_ppm": 0.3, "rinse_status": "PASS", "swab_status": "PASS"}]
28	2026-05-17T12:17:15Z	admin	2	Abiraterone	0.278	250	1.5	0.6	HPLC	4687.5	[{"target_product": "Imatinib", "shared_equipment": [{"name": "Reactor-101", "category_id": 1, "category_name": "Reactor", "surface_area_in2": 21117.0, "rinse_volume_L": 20.0}, {"name": "Reactor-102", "category_id": 1, "category_name": "Reactor", "surface_area_in2": 21539.0, "rinse_volume_L": 20.0}, {"name": "Reactor-103", "category_id": 1, "category_name": "Reactor", "surface_area_in2": 21970.0, "rinse_volume_L": 28.0}, {"name": "SFT-103", "category_id": 3, "category_name": "Sifter", "surface_area_in2": 5291.0, "rinse_volume_L": 21.0}, {"name": "MM-101", "category_id": 4, "category_name": "Multi Mill", "surface_area_in2": 5397.0, "rinse_volume_L": 22.0}], "maco_pde": 15985.0, "maco_dose": 14375.0, "maco_10ppm": 460000.0, "governing_maco_pair": 14375.0, "total_rinse_vol_L": 111.0, "total_area_in2": 75314.0, "rinse_limit_ppm": 129.5045, "swab_limit_ppm": 17.1781, "loq_ppm": 1.5, "rinse_status": "PASS", "swab_status": "PASS"}, {"target_product": "Sorafenib", "shared_equipment": [{"name": "Reactor-101", "category_id": 1, "category_name": "Reactor", "surface_area_in2": 21117.0, "rinse_volume_L": 20.0}, {"name": "Reactor-102", "category_id": 1, "category_name": "Reactor", "surface_area_in2": 21539.0, "rinse_volume_L": 20.0}, {"name": "Reactor-103", "category_id": 1, "category_name": "Reactor", "surface_area_in2": 21970.0, "rinse_volume_L": 28.0}, {"name": "ANFD-102", "category_id": 2, "category_name": "Agitated Nutsche Filter Drier", "surface_area_in2": 11339.0, "rinse_volume_L": 25.0}, {"name": "SFT-102", "category_id": 3, "category_name": "Sifter", "surface_area_in2": 5188.0, "rinse_volume_L": 21.0}, {"name": "SFT-103", "category_id": 3, "category_name": "Sifter", "surface_area_in2": 5291.0, "rinse_volume_L": 21.0}, {"name": "MM-101", "category_id": 4, "category_name": "Multi Mill", "surface_area_in2": 5397.0, "rinse_volume_L": 22.0}], "maco_pde": 27800.0, "maco_dose": 25000.0, "maco_10ppm": 800000.0, "governing_maco_pair": 25000.0, "total_rinse_vol_L": 157.0, "total_area_in2": 91841.0, "rinse_limit_ppm": 159.2357, "swab_limit_ppm": 24.4989, "loq_ppm": 1.5, "rinse_status": "PASS", "swab_status": "PASS"}, {"target_product": "Nilotinib ", "shared_equipment": [{"name": "Reactor-101", "category_id": 1, "category_name": "Reactor", "surface_area_in2": 21117.0, "rinse_volume_L": 20.0}, {"name": "Reactor-102", "category_id": 1, "category_name": "Reactor", "surface_area_in2": 21539.0, "rinse_volume_L": 20.0}, {"name": "ANFD-102", "category_id": 2, "category_name": "Agitated Nutsche Filter Drier", "surface_area_in2": 11339.0, "rinse_volume_L": 25.0}, {"name": "SFT-102", "category_id": 3, "category_name": "Sifter", "surface_area_in2": 5188.0, "rinse_volume_L": 21.0}, {"name": "SFT-103", "category_id": 3, "category_name": "Sifter", "surface_area_in2": 5291.0, "rinse_volume_L": 21.0}, {"name": "MM-101", "category_id": 4, "category_name": "Multi Mill", "surface_area_in2": 5397.0, "rinse_volume_L": 22.0}], "maco_pde": 5212.5, "maco_dose": 4687.5, "maco_10ppm": 150000.0, "governing_maco_pair": 4687.5, "total_rinse_vol_L": 129.0, "total_area_in2": 69871.0, "rinse_limit_ppm": 36.3372, "swab_limit_ppm": 6.0379, "loq_ppm": 1.5, "rinse_status": "PASS", "swab_status": "PASS"}]
29	2026-05-17T12:18:15Z	admin	2	Abiraterone	0.278	250	1.5	0.6	HPLC	4687.5	[{"target_product": "Imatinib", "shared_equipment": [{"name": "Reactor-101", "category_id": 1, "category_name": "Reactor", "surface_area_in2": 21117.0, "rinse_volume_L": 20.0}, {"name": "Reactor-102", "category_id": 1, "category_name": "Reactor", "surface_area_in2": 21539.0, "rinse_volume_L": 20.0}, {"name": "Reactor-103", "category_id": 1, "category_name": "Reactor", "surface_area_in2": 21970.0, "rinse_volume_L": 28.0}, {"name": "SFT-103", "category_id": 3, "category_name": "Sifter", "surface_area_in2": 5291.0, "rinse_volume_L": 21.0}, {"name": "MM-101", "category_id": 4, "category_name": "Multi Mill", "surface_area_in2": 5397.0, "rinse_volume_L": 22.0}], "maco_pde": 15985.0, "maco_dose": 14375.0, "maco_10ppm": 460000.0, "governing_maco_pair": 14375.0, "total_rinse_vol_L": 111.0, "total_area_in2": 75314.0, "rinse_limit_ppm": 129.5045, "swab_limit_ppm": 17.1781, "loq_ppm": 1.5, "rinse_status": "PASS", "swab_status": "PASS"}, {"target_product": "Sorafenib", "shared_equipment": [{"name": "Reactor-101", "category_id": 1, "category_name": "Reactor", "surface_area_in2": 21117.0, "rinse_volume_L": 20.0}, {"name": "Reactor-102", "category_id": 1, "category_name": "Reactor", "surface_area_in2": 21539.0, "rinse_volume_L": 20.0}, {"name": "Reactor-103", "category_id": 1, "category_name": "Reactor", "surface_area_in2": 21970.0, "rinse_volume_L": 28.0}, {"name": "ANFD-102", "category_id": 2, "category_name": "Agitated Nutsche Filter Drier", "surface_area_in2": 11339.0, "rinse_volume_L": 25.0}, {"name": "SFT-102", "category_id": 3, "category_name": "Sifter", "surface_area_in2": 5188.0, "rinse_volume_L": 21.0}, {"name": "SFT-103", "category_id": 3, "category_name": "Sifter", "surface_area_in2": 5291.0, "rinse_volume_L": 21.0}, {"name": "MM-101", "category_id": 4, "category_name": "Multi Mill", "surface_area_in2": 5397.0, "rinse_volume_L": 22.0}], "maco_pde": 27800.0, "maco_dose": 25000.0, "maco_10ppm": 800000.0, "governing_maco_pair": 25000.0, "total_rinse_vol_L": 157.0, "total_area_in2": 91841.0, "rinse_limit_ppm": 159.2357, "swab_limit_ppm": 24.4989, "loq_ppm": 1.5, "rinse_status": "PASS", "swab_status": "PASS"}, {"target_product": "Nilotinib ", "shared_equipment": [{"name": "Reactor-101", "category_id": 1, "category_name": "Reactor", "surface_area_in2": 21117.0, "rinse_volume_L": 20.0}, {"name": "Reactor-102", "category_id": 1, "category_name": "Reactor", "surface_area_in2": 21539.0, "rinse_volume_L": 20.0}, {"name": "ANFD-102", "category_id": 2, "category_name": "Agitated Nutsche Filter Drier", "surface_area_in2": 11339.0, "rinse_volume_L": 25.0}, {"name": "SFT-102", "category_id": 3, "category_name": "Sifter", "surface_area_in2": 5188.0, "rinse_volume_L": 21.0}, {"name": "SFT-103", "category_id": 3, "category_name": "Sifter", "surface_area_in2": 5291.0, "rinse_volume_L": 21.0}, {"name": "MM-101", "category_id": 4, "category_name": "Multi Mill", "surface_area_in2": 5397.0, "rinse_volume_L": 22.0}], "maco_pde": 5212.5, "maco_dose": 4687.5, "maco_10ppm": 150000.0, "governing_maco_pair": 4687.5, "total_rinse_vol_L": 129.0, "total_area_in2": 69871.0, "rinse_limit_ppm": 36.3372, "swab_limit_ppm": 6.0379, "loq_ppm": 1.5, "rinse_status": "PASS", "swab_status": "PASS"}]
30	2026-05-18T13:56:09Z	admin	2	Abiraterone	0.278	250	1.5	0.6	HPLC	4687.5	[{"target_product": "Imatinib", "shared_equipment": [{"name": "Reactor-101", "category_id": 1, "category_name": "Reactor", "surface_area_in2": 21117.0, "rinse_volume_L": 20.0}, {"name": "Reactor-102", "category_id": 1, "category_name": "Reactor", "surface_area_in2": 21539.0, "rinse_volume_L": 20.0}, {"name": "Reactor-103", "category_id": 1, "category_name": "Reactor", "surface_area_in2": 21970.0, "rinse_volume_L": 28.0}, {"name": "SFT-103", "category_id": 3, "category_name": "Sifter", "surface_area_in2": 5291.0, "rinse_volume_L": 21.0}, {"name": "MM-101", "category_id": 4, "category_name": "Multi Mill", "surface_area_in2": 5397.0, "rinse_volume_L": 22.0}], "maco_pde": 15985.0, "maco_dose": 14375.0, "maco_10ppm": 460000.0, "governing_maco_pair": 14375.0, "total_rinse_vol_L": 111.0, "total_area_in2": 75314.0, "rinse_limit_ppm": 129.5045, "swab_limit_ppm": 17.1781, "loq_ppm": 1.5, "rinse_status": "PASS", "swab_status": "PASS"}, {"target_product": "Sorafenib", "shared_equipment": [{"name": "Reactor-101", "category_id": 1, "category_name": "Reactor", "surface_area_in2": 21117.0, "rinse_volume_L": 20.0}, {"name": "Reactor-102", "category_id": 1, "category_name": "Reactor", "surface_area_in2": 21539.0, "rinse_volume_L": 20.0}, {"name": "Reactor-103", "category_id": 1, "category_name": "Reactor", "surface_area_in2": 21970.0, "rinse_volume_L": 28.0}, {"name": "ANFD-102", "category_id": 2, "category_name": "Agitated Nutsche Filter Drier", "surface_area_in2": 11339.0, "rinse_volume_L": 25.0}, {"name": "SFT-102", "category_id": 3, "category_name": "Sifter", "surface_area_in2": 5188.0, "rinse_volume_L": 21.0}, {"name": "SFT-103", "category_id": 3, "category_name": "Sifter", "surface_area_in2": 5291.0, "rinse_volume_L": 21.0}, {"name": "MM-101", "category_id": 4, "category_name": "Multi Mill", "surface_area_in2": 5397.0, "rinse_volume_L": 22.0}], "maco_pde": 27800.0, "maco_dose": 25000.0, "maco_10ppm": 800000.0, "governing_maco_pair": 25000.0, "total_rinse_vol_L": 157.0, "total_area_in2": 91841.0, "rinse_limit_ppm": 159.2357, "swab_limit_ppm": 24.4989, "loq_ppm": 1.5, "rinse_status": "PASS", "swab_status": "PASS"}, {"target_product": "Nilotinib ", "shared_equipment": [{"name": "Reactor-101", "category_id": 1, "category_name": "Reactor", "surface_area_in2": 21117.0, "rinse_volume_L": 20.0}, {"name": "Reactor-102", "category_id": 1, "category_name": "Reactor", "surface_area_in2": 21539.0, "rinse_volume_L": 20.0}, {"name": "ANFD-102", "category_id": 2, "category_name": "Agitated Nutsche Filter Drier", "surface_area_in2": 11339.0, "rinse_volume_L": 25.0}, {"name": "SFT-102", "category_id": 3, "category_name": "Sifter", "surface_area_in2": 5188.0, "rinse_volume_L": 21.0}, {"name": "SFT-103", "category_id": 3, "category_name": "Sifter", "surface_area_in2": 5291.0, "rinse_volume_L": 21.0}, {"name": "MM-101", "category_id": 4, "category_name": "Multi Mill", "surface_area_in2": 5397.0, "rinse_volume_L": 22.0}], "maco_pde": 5212.5, "maco_dose": 4687.5, "maco_10ppm": 150000.0, "governing_maco_pair": 4687.5, "total_rinse_vol_L": 129.0, "total_area_in2": 69871.0, "rinse_limit_ppm": 36.3372, "swab_limit_ppm": 6.0379, "loq_ppm": 1.5, "rinse_status": "PASS", "swab_status": "PASS"}]
31	2026-05-18T14:04:29Z	admin	5	Nilotinib 	0.2	200	0.2	0.06	HPLC	6000	[{"target_product": "Imatinib", "shared_equipment": [{"name": "Reactor-101", "category_id": 1, "category_name": "Reactor", "surface_area_in2": 21117.0, "rinse_volume_L": 20.0}, {"name": "Reactor-102", "category_id": 1, "category_name": "Reactor", "surface_area_in2": 21539.0, "rinse_volume_L": 20.0}, {"name": "SFT-103", "category_id": 3, "category_name": "Sifter", "surface_area_in2": 5291.0, "rinse_volume_L": 21.0}, {"name": "MM-101", "category_id": 4, "category_name": "Multi Mill", "surface_area_in2": 5397.0, "rinse_volume_L": 22.0}], "maco_pde": 11500.0, "maco_dose": 11500.0, "maco_10ppm": 460000.0, "governing_maco_pair": 11500.0, "total_rinse_vol_L": 83.0, "total_area_in2": 53344.0, "rinse_limit_ppm": 138.5542, "swab_limit_ppm": 19.4024, "loq_ppm": 0.2, "rinse_status": "PASS", "swab_status": "PASS"}, {"target_product": "Abiraterone", "shared_equipment": [{"name": "Reactor-101", "category_id": 1, "category_name": "Reactor", "surface_area_in2": 21117.0, "rinse_volume_L": 20.0}, {"name": "Reactor-102", "category_id": 1, "category_name": "Reactor", "surface_area_in2": 21539.0, "rinse_volume_L": 20.0}, {"name": "ANFD-102", "category_id": 2, "category_name": "Agitated Nutsche Filter Drier", "surface_area_in2": 11339.0, "rinse_volume_L": 25.0}, {"name": "SFT-102", "category_id": 3, "category_name": "Sifter", "surface_area_in2": 5188.0, "rinse_volume_L": 21.0}, {"name": "SFT-103", "category_id": 3, "category_name": "Sifter", "surface_area_in2": 5291.0, "rinse_volume_L": 21.0}, {"name": "MM-101", "category_id": 4, "category_name": "Multi Mill", "surface_area_in2": 5397.0, "rinse_volume_L": 22.0}], "maco_pde": 6000.0, "maco_dose": 6000.0, "maco_10ppm": 300000.0, "governing_maco_pair": 6000.0, "total_rinse_vol_L": 129.0, "total_area_in2": 69871.0, "rinse_limit_ppm": 46.5116, "swab_limit_ppm": 7.7285, "loq_ppm": 0.2, "rinse_status": "PASS", "swab_status": "PASS"}, {"target_product": "Sorafenib", "shared_equipment": [{"name": "Reactor-101", "category_id": 1, "category_name": "Reactor", "surface_area_in2": 21117.0, "rinse_volume_L": 20.0}, {"name": "Reactor-102", "category_id": 1, "category_name": "Reactor", "surface_area_in2": 21539.0, "rinse_volume_L": 20.0}, {"name": "Reactor-105", "category_id": 1, "category_name": "Reactor", "surface_area_in2": 22858.0, "rinse_volume_L": 31.0}, {"name": "ANFD-102", "category_id": 2, "category_name": "Agitated Nutsche Filter Drier", "surface_area_in2": 11339.0, "rinse_volume_L": 25.0}, {"name": "SFT-102", "category_id": 3, "category_name": "Sifter", "surface_area_in2": 5188.0, "rinse_volume_L": 21.0}, {"name": "SFT-103", "category_id": 3, "category_name": "Sifter", "surface_area_in2": 5291.0, "rinse_volume_L": 21.0}, {"name": "MM-101", "category_id": 4, "category_name": "Multi Mill", "surface_area_in2": 5397.0, "rinse_volume_L": 22.0}, {"name": "MM-102", "category_id": 4, "category_name": "Multi Mill", "surface_area_in2": 5505.0, "rinse_volume_L": 22.0}], "maco_pde": 20000.0, "maco_dose": 20000.0, "maco_10ppm": 800000.0, "governing_maco_pair": 20000.0, "total_rinse_vol_L": 182.0, "total_area_in2": 98234.0, "rinse_limit_ppm": 109.8901, "swab_limit_ppm": 18.3236, "loq_ppm": 0.2, "rinse_status": "PASS", "swab_status": "PASS"}]
32	2026-05-18T14:30:57Z	admin	2	Abiraterone	0.278	250	1.5	0.6	HPLC	4687.5	[{"target_product": "Imatinib", "shared_equipment": [{"name": "Reactor-101", "category_id": 1, "category_name": "Reactor", "surface_area_in2": 21117.0, "rinse_volume_L": 20.0}, {"name": "Reactor-102", "category_id": 1, "category_name": "Reactor", "surface_area_in2": 21539.0, "rinse_volume_L": 20.0}, {"name": "Reactor-103", "category_id": 1, "category_name": "Reactor", "surface_area_in2": 21970.0, "rinse_volume_L": 28.0}, {"name": "SFT-103", "category_id": 3, "category_name": "Sifter", "surface_area_in2": 5291.0, "rinse_volume_L": 21.0}, {"name": "MM-101", "category_id": 4, "category_name": "Multi Mill", "surface_area_in2": 5397.0, "rinse_volume_L": 22.0}], "maco_pde": 15985.0, "maco_dose": 14375.0, "maco_10ppm": 460000.0, "governing_maco_pair": 14375.0, "total_rinse_vol_L": 111.0, "total_area_in2": 75314.0, "rinse_limit_ppm": 129.5045, "swab_limit_ppm": 17.1781, "loq_ppm": 1.5, "rinse_status": "PASS", "swab_status": "PASS"}, {"target_product": "Sorafenib", "shared_equipment": [{"name": "Reactor-101", "category_id": 1, "category_name": "Reactor", "surface_area_in2": 21117.0, "rinse_volume_L": 20.0}, {"name": "Reactor-102", "category_id": 1, "category_name": "Reactor", "surface_area_in2": 21539.0, "rinse_volume_L": 20.0}, {"name": "Reactor-103", "category_id": 1, "category_name": "Reactor", "surface_area_in2": 21970.0, "rinse_volume_L": 28.0}, {"name": "ANFD-102", "category_id": 2, "category_name": "Agitated Nutsche Filter Drier", "surface_area_in2": 11339.0, "rinse_volume_L": 25.0}, {"name": "SFT-102", "category_id": 3, "category_name": "Sifter", "surface_area_in2": 5188.0, "rinse_volume_L": 21.0}, {"name": "SFT-103", "category_id": 3, "category_name": "Sifter", "surface_area_in2": 5291.0, "rinse_volume_L": 21.0}, {"name": "MM-101", "category_id": 4, "category_name": "Multi Mill", "surface_area_in2": 5397.0, "rinse_volume_L": 22.0}], "maco_pde": 27800.0, "maco_dose": 25000.0, "maco_10ppm": 800000.0, "governing_maco_pair": 25000.0, "total_rinse_vol_L": 157.0, "total_area_in2": 91841.0, "rinse_limit_ppm": 159.2357, "swab_limit_ppm": 24.4989, "loq_ppm": 1.5, "rinse_status": "PASS", "swab_status": "PASS"}, {"target_product": "Nilotinib ", "shared_equipment": [{"name": "Reactor-101", "category_id": 1, "category_name": "Reactor", "surface_area_in2": 21117.0, "rinse_volume_L": 20.0}, {"name": "Reactor-102", "category_id": 1, "category_name": "Reactor", "surface_area_in2": 21539.0, "rinse_volume_L": 20.0}, {"name": "ANFD-102", "category_id": 2, "category_name": "Agitated Nutsche Filter Drier", "surface_area_in2": 11339.0, "rinse_volume_L": 25.0}, {"name": "SFT-102", "category_id": 3, "category_name": "Sifter", "surface_area_in2": 5188.0, "rinse_volume_L": 21.0}, {"name": "SFT-103", "category_id": 3, "category_name": "Sifter", "surface_area_in2": 5291.0, "rinse_volume_L": 21.0}, {"name": "MM-101", "category_id": 4, "category_name": "Multi Mill", "surface_area_in2": 5397.0, "rinse_volume_L": 22.0}], "maco_pde": 5212.5, "maco_dose": 4687.5, "maco_10ppm": 150000.0, "governing_maco_pair": 4687.5, "total_rinse_vol_L": 129.0, "total_area_in2": 69871.0, "rinse_limit_ppm": 36.3372, "swab_limit_ppm": 6.0379, "loq_ppm": 1.5, "rinse_status": "PASS", "swab_status": "PASS"}]
33	2026-05-18T14:31:17Z	admin	7	Lenalidomide	0.003	2.5	0.2	0.05	HPLC	200	[{"target_product": "Letrazole", "shared_equipment": [{"name": "Reactor-201", "category_id": 1, "category_name": "Reactor", "surface_area_in2": 21117.0, "rinse_volume_L": 25.0}, {"name": "Reactor-202", "category_id": 1, "category_name": "Reactor", "surface_area_in2": 21539.0, "rinse_volume_L": 25.0}, {"name": "ANFD-202", "category_id": 2, "category_name": "Agitated Nutsche Filter Drier", "surface_area_in2": 11339.0, "rinse_volume_L": 20.0}, {"name": "SFT-202", "category_id": 3, "category_name": "Sifter", "surface_area_in2": 11797.0, "rinse_volume_L": 21.0}, {"name": "MM-201", "category_id": 4, "category_name": "Multi Mill", "surface_area_in2": 12274.0, "rinse_volume_L": 20.0}], "maco_pde": 60000.0, "maco_dose": 50000.0, "maco_10ppm": 500000.0, "governing_maco_pair": 50000.0, "total_rinse_vol_L": 111.0, "total_area_in2": 78066.0, "rinse_limit_ppm": 450.4505, "swab_limit_ppm": 57.6435, "loq_ppm": 0.2, "rinse_status": "PASS", "swab_status": "PASS"}, {"target_product": "Pomalidomide", "shared_equipment": [{"name": "Reactor-201", "category_id": 1, "category_name": "Reactor", "surface_area_in2": 21117.0, "rinse_volume_L": 25.0}, {"name": "Reactor-204", "category_id": 1, "category_name": "Reactor", "surface_area_in2": 22410.0, "rinse_volume_L": 30.0}, {"name": "Reactor-205", "category_id": 1, "category_name": "Reactor", "surface_area_in2": 22858.0, "rinse_volume_L": 21.0}, {"name": "ANFD-202", "category_id": 2, "category_name": "Agitated Nutsche Filter Drier", "surface_area_in2": 11339.0, "rinse_volume_L": 20.0}, {"name": "SFT-202", "category_id": 3, "category_name": "Sifter", "surface_area_in2": 11797.0, "rinse_volume_L": 21.0}, {"name": "SFT-203", "category_id": 3, "category_name": "Sifter", "surface_area_in2": 12033.0, "rinse_volume_L": 21.0}, {"name": "MM-202", "category_id": 4, "category_name": "Multi Mill", "surface_area_in2": 12520.0, "rinse_volume_L": 10.0}], "maco_pde": 240.0, "maco_dose": 200.0, "maco_10ppm": 20000.0, "governing_maco_pair": 200.0, "total_rinse_vol_L": 148.0, "total_area_in2": 114074.0, "rinse_limit_ppm": 1.3514, "swab_limit_ppm": 0.1578, "loq_ppm": 0.2, "rinse_status": "PASS", "swab_status": "FAIL"}]
34	2026-05-18T14:31:17Z	admin	3	Letrazole	0.003	2.5	0.005	0.003	HPLC	200	[{"target_product": "Pomalidomide", "shared_equipment": [{"name": "Reactor-201", "category_id": 1, "category_name": "Reactor", "surface_area_in2": 21117.0, "rinse_volume_L": 25.0}, {"name": "ANFD-202", "category_id": 2, "category_name": "Agitated Nutsche Filter Drier", "surface_area_in2": 11339.0, "rinse_volume_L": 20.0}, {"name": "SFT-202", "category_id": 3, "category_name": "Sifter", "surface_area_in2": 11797.0, "rinse_volume_L": 21.0}], "maco_pde": 240.0, "maco_dose": 200.0, "maco_10ppm": 20000.0, "governing_maco_pair": 200.0, "total_rinse_vol_L": 66.0, "total_area_in2": 44253.0, "rinse_limit_ppm": 3.0303, "swab_limit_ppm": 0.4068, "loq_ppm": 0.005, "rinse_status": "PASS", "swab_status": "PASS"}, {"target_product": "Lenalidomide", "shared_equipment": [{"name": "Reactor-201", "category_id": 1, "category_name": "Reactor", "surface_area_in2": 21117.0, "rinse_volume_L": 25.0}, {"name": "Reactor-202", "category_id": 1, "category_name": "Reactor", "surface_area_in2": 21539.0, "rinse_volume_L": 25.0}, {"name": "ANFD-202", "category_id": 2, "category_name": "Agitated Nutsche Filter Drier", "surface_area_in2": 11339.0, "rinse_volume_L": 20.0}, {"name": "SFT-202", "category_id": 3, "category_name": "Sifter", "surface_area_in2": 11797.0, "rinse_volume_L": 21.0}, {"name": "MM-201", "category_id": 4, "category_name": "Multi Mill", "surface_area_in2": 12274.0, "rinse_volume_L": 20.0}], "maco_pde": 18000.0, "maco_dose": 15000.0, "maco_10ppm": 150000.0, "governing_maco_pair": 15000.0, "total_rinse_vol_L": 111.0, "total_area_in2": 78066.0, "rinse_limit_ppm": 135.1351, "swab_limit_ppm": 17.2931, "loq_ppm": 0.005, "rinse_status": "PASS", "swab_status": "PASS"}]
35	2026-05-18T14:31:17Z	admin	6	Pomalidomide	0.005	5	0.2	0.05	HPLC	30000	[{"target_product": "Letrazole", "shared_equipment": [{"name": "Reactor-201", "category_id": 1, "category_name": "Reactor", "surface_area_in2": 21117.0, "rinse_volume_L": 25.0}, {"name": "ANFD-202", "category_id": 2, "category_name": "Agitated Nutsche Filter Drier", "surface_area_in2": 11339.0, "rinse_volume_L": 20.0}, {"name": "SFT-202", "category_id": 3, "category_name": "Sifter", "surface_area_in2": 11797.0, "rinse_volume_L": 21.0}], "maco_pde": 100000.0, "maco_dose": 100000.0, "maco_10ppm": 500000.0, "governing_maco_pair": 100000.0, "total_rinse_vol_L": 66.0, "total_area_in2": 44253.0, "rinse_limit_ppm": 1515.1515, "swab_limit_ppm": 203.376, "loq_ppm": 0.2, "rinse_status": "PASS", "swab_status": "PASS"}, {"target_product": "Lenalidomide", "shared_equipment": [{"name": "Reactor-201", "category_id": 1, "category_name": "Reactor", "surface_area_in2": 21117.0, "rinse_volume_L": 25.0}, {"name": "Reactor-204", "category_id": 1, "category_name": "Reactor", "surface_area_in2": 22410.0, "rinse_volume_L": 30.0}, {"name": "Reactor-205", "category_id": 1, "category_name": "Reactor", "surface_area_in2": 22858.0, "rinse_volume_L": 21.0}, {"name": "ANFD-202", "category_id": 2, "category_name": "Agitated Nutsche Filter Drier", "surface_area_in2": 11339.0, "rinse_volume_L": 20.0}, {"name": "SFT-202", "category_id": 3, "category_name": "Sifter", "surface_area_in2": 11797.0, "rinse_volume_L": 21.0}, {"name": "SFT-203", "category_id": 3, "category_name": "Sifter", "surface_area_in2": 12033.0, "rinse_volume_L": 21.0}, {"name": "MM-202", "category_id": 4, "category_name": "Multi Mill", "surface_area_in2": 12520.0, "rinse_volume_L": 10.0}], "maco_pde": 30000.0, "maco_dose": 30000.0, "maco_10ppm": 150000.0, "governing_maco_pair": 30000.0, "total_rinse_vol_L": 148.0, "total_area_in2": 114074.0, "rinse_limit_ppm": 202.7027, "swab_limit_ppm": 23.6688, "loq_ppm": 0.2, "rinse_status": "PASS", "swab_status": "PASS"}]
36	2026-05-18T14:32:00Z	admin	2	Abiraterone	0.278	250	1.5	0.6	HPLC	4687.5	[{"target_product": "Imatinib", "shared_equipment": [{"name": "Reactor-101", "category_id": 1, "category_name": "Reactor", "surface_area_in2": 21117.0, "rinse_volume_L": 20.0}, {"name": "Reactor-102", "category_id": 1, "category_name": "Reactor", "surface_area_in2": 21539.0, "rinse_volume_L": 20.0}, {"name": "Reactor-103", "category_id": 1, "category_name": "Reactor", "surface_area_in2": 21970.0, "rinse_volume_L": 28.0}, {"name": "SFT-103", "category_id": 3, "category_name": "Sifter", "surface_area_in2": 5291.0, "rinse_volume_L": 21.0}, {"name": "MM-101", "category_id": 4, "category_name": "Multi Mill", "surface_area_in2": 5397.0, "rinse_volume_L": 22.0}], "maco_pde": 15985.0, "maco_dose": 14375.0, "maco_10ppm": 460000.0, "governing_maco_pair": 14375.0, "total_rinse_vol_L": 111.0, "total_area_in2": 75314.0, "rinse_limit_ppm": 129.5045, "swab_limit_ppm": 17.1781, "loq_ppm": 1.5, "rinse_status": "PASS", "swab_status": "PASS"}, {"target_product": "Sorafenib", "shared_equipment": [{"name": "Reactor-101", "category_id": 1, "category_name": "Reactor", "surface_area_in2": 21117.0, "rinse_volume_L": 20.0}, {"name": "Reactor-102", "category_id": 1, "category_name": "Reactor", "surface_area_in2": 21539.0, "rinse_volume_L": 20.0}, {"name": "Reactor-103", "category_id": 1, "category_name": "Reactor", "surface_area_in2": 21970.0, "rinse_volume_L": 28.0}, {"name": "ANFD-102", "category_id": 2, "category_name": "Agitated Nutsche Filter Drier", "surface_area_in2": 11339.0, "rinse_volume_L": 25.0}, {"name": "SFT-102", "category_id": 3, "category_name": "Sifter", "surface_area_in2": 5188.0, "rinse_volume_L": 21.0}, {"name": "SFT-103", "category_id": 3, "category_name": "Sifter", "surface_area_in2": 5291.0, "rinse_volume_L": 21.0}, {"name": "MM-101", "category_id": 4, "category_name": "Multi Mill", "surface_area_in2": 5397.0, "rinse_volume_L": 22.0}], "maco_pde": 27800.0, "maco_dose": 25000.0, "maco_10ppm": 800000.0, "governing_maco_pair": 25000.0, "total_rinse_vol_L": 157.0, "total_area_in2": 91841.0, "rinse_limit_ppm": 159.2357, "swab_limit_ppm": 24.4989, "loq_ppm": 1.5, "rinse_status": "PASS", "swab_status": "PASS"}, {"target_product": "Nilotinib ", "shared_equipment": [{"name": "Reactor-101", "category_id": 1, "category_name": "Reactor", "surface_area_in2": 21117.0, "rinse_volume_L": 20.0}, {"name": "Reactor-102", "category_id": 1, "category_name": "Reactor", "surface_area_in2": 21539.0, "rinse_volume_L": 20.0}, {"name": "ANFD-102", "category_id": 2, "category_name": "Agitated Nutsche Filter Drier", "surface_area_in2": 11339.0, "rinse_volume_L": 25.0}, {"name": "SFT-102", "category_id": 3, "category_name": "Sifter", "surface_area_in2": 5188.0, "rinse_volume_L": 21.0}, {"name": "SFT-103", "category_id": 3, "category_name": "Sifter", "surface_area_in2": 5291.0, "rinse_volume_L": 21.0}, {"name": "MM-101", "category_id": 4, "category_name": "Multi Mill", "surface_area_in2": 5397.0, "rinse_volume_L": 22.0}], "maco_pde": 5212.5, "maco_dose": 4687.5, "maco_10ppm": 150000.0, "governing_maco_pair": 4687.5, "total_rinse_vol_L": 129.0, "total_area_in2": 69871.0, "rinse_limit_ppm": 36.3372, "swab_limit_ppm": 6.0379, "loq_ppm": 1.5, "rinse_status": "PASS", "swab_status": "PASS"}]
37	2026-05-21T05:37:51Z	admin	2	Abiraterone	0.278	250	1.5	0.6	HPLC	4687.5	[{"target_product": "Imatinib", "shared_equipment": [{"name": "Reactor-101", "category_id": 1, "category_name": "Reactor", "surface_area_in2": 21117.0, "rinse_volume_L": 20.0}, {"name": "Reactor-102", "category_id": 1, "category_name": "Reactor", "surface_area_in2": 21539.0, "rinse_volume_L": 20.0}, {"name": "Reactor-103", "category_id": 1, "category_name": "Reactor", "surface_area_in2": 21970.0, "rinse_volume_L": 28.0}, {"name": "SFT-103", "category_id": 3, "category_name": "Sifter", "surface_area_in2": 5291.0, "rinse_volume_L": 21.0}, {"name": "MM-101", "category_id": 4, "category_name": "Multi Mill", "surface_area_in2": 5397.0, "rinse_volume_L": 22.0}], "maco_pde": 15985.0, "maco_dose": 14375.0, "maco_10ppm": 460000.0, "governing_maco_pair": 14375.0, "total_rinse_vol_L": 111.0, "total_area_in2": 75314.0, "rinse_limit_ppm": 129.5045, "swab_limit_ppm": 17.1781, "loq_ppm": 1.5, "rinse_status": "PASS", "swab_status": "PASS"}, {"target_product": "Sorafenib", "shared_equipment": [{"name": "Reactor-101", "category_id": 1, "category_name": "Reactor", "surface_area_in2": 21117.0, "rinse_volume_L": 20.0}, {"name": "Reactor-102", "category_id": 1, "category_name": "Reactor", "surface_area_in2": 21539.0, "rinse_volume_L": 20.0}, {"name": "Reactor-103", "category_id": 1, "category_name": "Reactor", "surface_area_in2": 21970.0, "rinse_volume_L": 28.0}, {"name": "ANFD-102", "category_id": 2, "category_name": "Agitated Nutsche Filter Drier", "surface_area_in2": 11339.0, "rinse_volume_L": 25.0}, {"name": "SFT-102", "category_id": 3, "category_name": "Sifter", "surface_area_in2": 5188.0, "rinse_volume_L": 21.0}, {"name": "SFT-103", "category_id": 3, "category_name": "Sifter", "surface_area_in2": 5291.0, "rinse_volume_L": 21.0}, {"name": "MM-101", "category_id": 4, "category_name": "Multi Mill", "surface_area_in2": 5397.0, "rinse_volume_L": 22.0}], "maco_pde": 27800.0, "maco_dose": 25000.0, "maco_10ppm": 800000.0, "governing_maco_pair": 25000.0, "total_rinse_vol_L": 157.0, "total_area_in2": 91841.0, "rinse_limit_ppm": 159.2357, "swab_limit_ppm": 24.4989, "loq_ppm": 1.5, "rinse_status": "PASS", "swab_status": "PASS"}, {"target_product": "Nilotinib ", "shared_equipment": [{"name": "Reactor-101", "category_id": 1, "category_name": "Reactor", "surface_area_in2": 21117.0, "rinse_volume_L": 20.0}, {"name": "Reactor-102", "category_id": 1, "category_name": "Reactor", "surface_area_in2": 21539.0, "rinse_volume_L": 20.0}, {"name": "ANFD-102", "category_id": 2, "category_name": "Agitated Nutsche Filter Drier", "surface_area_in2": 11339.0, "rinse_volume_L": 25.0}, {"name": "SFT-102", "category_id": 3, "category_name": "Sifter", "surface_area_in2": 5188.0, "rinse_volume_L": 21.0}, {"name": "SFT-103", "category_id": 3, "category_name": "Sifter", "surface_area_in2": 5291.0, "rinse_volume_L": 21.0}, {"name": "MM-101", "category_id": 4, "category_name": "Multi Mill", "surface_area_in2": 5397.0, "rinse_volume_L": 22.0}], "maco_pde": 5212.5, "maco_dose": 4687.5, "maco_10ppm": 150000.0, "governing_maco_pair": 4687.5, "total_rinse_vol_L": 129.0, "total_area_in2": 69871.0, "rinse_limit_ppm": 36.3372, "swab_limit_ppm": 6.0379, "loq_ppm": 1.5, "rinse_status": "PASS", "swab_status": "PASS"}]
38	2026-05-21T05:38:19Z	admin	2	Abiraterone	0.278	250	1.5	0.6	HPLC	4687.5	[{"target_product": "Imatinib", "shared_equipment": [{"name": "Reactor-101", "category_id": 1, "category_name": "Reactor", "surface_area_in2": 21117.0, "rinse_volume_L": 20.0}, {"name": "Reactor-102", "category_id": 1, "category_name": "Reactor", "surface_area_in2": 21539.0, "rinse_volume_L": 20.0}, {"name": "Reactor-103", "category_id": 1, "category_name": "Reactor", "surface_area_in2": 21970.0, "rinse_volume_L": 28.0}, {"name": "SFT-103", "category_id": 3, "category_name": "Sifter", "surface_area_in2": 5291.0, "rinse_volume_L": 21.0}, {"name": "MM-101", "category_id": 4, "category_name": "Multi Mill", "surface_area_in2": 5397.0, "rinse_volume_L": 22.0}], "maco_pde": 15985.0, "maco_dose": 14375.0, "maco_10ppm": 460000.0, "governing_maco_pair": 14375.0, "total_rinse_vol_L": 111.0, "total_area_in2": 75314.0, "rinse_limit_ppm": 129.5045, "swab_limit_ppm": 17.1781, "loq_ppm": 1.5, "rinse_status": "PASS", "swab_status": "PASS"}, {"target_product": "Sorafenib", "shared_equipment": [{"name": "Reactor-101", "category_id": 1, "category_name": "Reactor", "surface_area_in2": 21117.0, "rinse_volume_L": 20.0}, {"name": "Reactor-102", "category_id": 1, "category_name": "Reactor", "surface_area_in2": 21539.0, "rinse_volume_L": 20.0}, {"name": "Reactor-103", "category_id": 1, "category_name": "Reactor", "surface_area_in2": 21970.0, "rinse_volume_L": 28.0}, {"name": "ANFD-102", "category_id": 2, "category_name": "Agitated Nutsche Filter Drier", "surface_area_in2": 11339.0, "rinse_volume_L": 25.0}, {"name": "SFT-102", "category_id": 3, "category_name": "Sifter", "surface_area_in2": 5188.0, "rinse_volume_L": 21.0}, {"name": "SFT-103", "category_id": 3, "category_name": "Sifter", "surface_area_in2": 5291.0, "rinse_volume_L": 21.0}, {"name": "MM-101", "category_id": 4, "category_name": "Multi Mill", "surface_area_in2": 5397.0, "rinse_volume_L": 22.0}], "maco_pde": 27800.0, "maco_dose": 25000.0, "maco_10ppm": 800000.0, "governing_maco_pair": 25000.0, "total_rinse_vol_L": 157.0, "total_area_in2": 91841.0, "rinse_limit_ppm": 159.2357, "swab_limit_ppm": 24.4989, "loq_ppm": 1.5, "rinse_status": "PASS", "swab_status": "PASS"}, {"target_product": "Nilotinib ", "shared_equipment": [{"name": "Reactor-101", "category_id": 1, "category_name": "Reactor", "surface_area_in2": 21117.0, "rinse_volume_L": 20.0}, {"name": "Reactor-102", "category_id": 1, "category_name": "Reactor", "surface_area_in2": 21539.0, "rinse_volume_L": 20.0}, {"name": "ANFD-102", "category_id": 2, "category_name": "Agitated Nutsche Filter Drier", "surface_area_in2": 11339.0, "rinse_volume_L": 25.0}, {"name": "SFT-102", "category_id": 3, "category_name": "Sifter", "surface_area_in2": 5188.0, "rinse_volume_L": 21.0}, {"name": "SFT-103", "category_id": 3, "category_name": "Sifter", "surface_area_in2": 5291.0, "rinse_volume_L": 21.0}, {"name": "MM-101", "category_id": 4, "category_name": "Multi Mill", "surface_area_in2": 5397.0, "rinse_volume_L": 22.0}], "maco_pde": 5212.5, "maco_dose": 4687.5, "maco_10ppm": 150000.0, "governing_maco_pair": 4687.5, "total_rinse_vol_L": 129.0, "total_area_in2": 69871.0, "rinse_limit_ppm": 36.3372, "swab_limit_ppm": 6.0379, "loq_ppm": 1.5, "rinse_status": "PASS", "swab_status": "PASS"}]
39	2026-05-21T05:38:19Z	admin	1	Imatinib	0.167	400	0.05	0.031	HPLC	3131.25	[{"target_product": "Abiraterone", "shared_equipment": [{"name": "Reactor-101", "category_id": 1, "category_name": "Reactor", "surface_area_in2": 21117.0, "rinse_volume_L": 20.0}, {"name": "Reactor-102", "category_id": 1, "category_name": "Reactor", "surface_area_in2": 21539.0, "rinse_volume_L": 20.0}, {"name": "Reactor-103", "category_id": 1, "category_name": "Reactor", "surface_area_in2": 21970.0, "rinse_volume_L": 28.0}, {"name": "SFT-103", "category_id": 3, "category_name": "Sifter", "surface_area_in2": 5291.0, "rinse_volume_L": 21.0}, {"name": "MM-101", "category_id": 4, "category_name": "Multi Mill", "surface_area_in2": 5397.0, "rinse_volume_L": 22.0}], "maco_pde": 5010.0, "maco_dose": 12000.0, "maco_10ppm": 300000.0, "governing_maco_pair": 5010.0, "total_rinse_vol_L": 111.0, "total_area_in2": 75314.0, "rinse_limit_ppm": 45.1351, "swab_limit_ppm": 5.9869, "loq_ppm": 0.05, "rinse_status": "PASS", "swab_status": "PASS"}, {"target_product": "Sorafenib", "shared_equipment": [{"name": "Reactor-101", "category_id": 1, "category_name": "Reactor", "surface_area_in2": 21117.0, "rinse_volume_L": 20.0}, {"name": "Reactor-102", "category_id": 1, "category_name": "Reactor", "surface_area_in2": 21539.0, "rinse_volume_L": 20.0}, {"name": "Reactor-103", "category_id": 1, "category_name": "Reactor", "surface_area_in2": 21970.0, "rinse_volume_L": 28.0}, {"name": "Reactor-104", "category_id": 1, "category_name": "Reactor", "surface_area_in2": 21970.0, "rinse_volume_L": 30.0}, {"name": "ANFD-101", "category_id": 2, "category_name": "Agitated Nutsche Filter Drier", "surface_area_in2": 11117.0, "rinse_volume_L": 24.0}, {"name": "SFT-101", "category_id": 3, "category_name": "Sifter", "surface_area_in2": 5086.0, "rinse_volume_L": 20.0}, {"name": "SFT-103", "category_id": 3, "category_name": "Sifter", "surface_area_in2": 5291.0, "rinse_volume_L": 21.0}, {"name": "MM-101", "category_id": 4, "category_name": "Multi Mill", "surface_area_in2": 5397.0, "rinse_volume_L": 22.0}], "maco_pde": 16700.0, "maco_dose": 40000.0, "maco_10ppm": 800000.0, "governing_maco_pair": 16700.0, "total_rinse_vol_L": 185.0, "total_area_in2": 113487.0, "rinse_limit_ppm": 90.2703, "swab_limit_ppm": 13.2438, "loq_ppm": 0.05, "rinse_status": "PASS", "swab_status": "PASS"}, {"target_product": "Nilotinib ", "shared_equipment": [{"name": "Reactor-101", "category_id": 1, "category_name": "Reactor", "surface_area_in2": 21117.0, "rinse_volume_L": 20.0}, {"name": "Reactor-102", "category_id": 1, "category_name": "Reactor", "surface_area_in2": 21539.0, "rinse_volume_L": 20.0}, {"name": "SFT-103", "category_id": 3, "category_name": "Sifter", "surface_area_in2": 5291.0, "rinse_volume_L": 21.0}, {"name": "MM-101", "category_id": 4, "category_name": "Multi Mill", "surface_area_in2": 5397.0, "rinse_volume_L": 22.0}], "maco_pde": 3131.25, "maco_dose": 7500.0, "maco_10ppm": 150000.0, "governing_maco_pair": 3131.25, "total_rinse_vol_L": 83.0, "total_area_in2": 53344.0, "rinse_limit_ppm": 37.7259, "swab_limit_ppm": 5.2829, "loq_ppm": 0.05, "rinse_status": "PASS", "swab_status": "PASS"}]
40	2026-05-21T05:38:19Z	admin	5	Nilotinib 	0.2	200	0.2	0.06	HPLC	6000	[{"target_product": "Imatinib", "shared_equipment": [{"name": "Reactor-101", "category_id": 1, "category_name": "Reactor", "surface_area_in2": 21117.0, "rinse_volume_L": 20.0}, {"name": "Reactor-102", "category_id": 1, "category_name": "Reactor", "surface_area_in2": 21539.0, "rinse_volume_L": 20.0}, {"name": "SFT-103", "category_id": 3, "category_name": "Sifter", "surface_area_in2": 5291.0, "rinse_volume_L": 21.0}, {"name": "MM-101", "category_id": 4, "category_name": "Multi Mill", "surface_area_in2": 5397.0, "rinse_volume_L": 22.0}], "maco_pde": 11500.0, "maco_dose": 11500.0, "maco_10ppm": 460000.0, "governing_maco_pair": 11500.0, "total_rinse_vol_L": 83.0, "total_area_in2": 53344.0, "rinse_limit_ppm": 138.5542, "swab_limit_ppm": 19.4024, "loq_ppm": 0.2, "rinse_status": "PASS", "swab_status": "PASS"}, {"target_product": "Abiraterone", "shared_equipment": [{"name": "Reactor-101", "category_id": 1, "category_name": "Reactor", "surface_area_in2": 21117.0, "rinse_volume_L": 20.0}, {"name": "Reactor-102", "category_id": 1, "category_name": "Reactor", "surface_area_in2": 21539.0, "rinse_volume_L": 20.0}, {"name": "ANFD-102", "category_id": 2, "category_name": "Agitated Nutsche Filter Drier", "surface_area_in2": 11339.0, "rinse_volume_L": 25.0}, {"name": "SFT-102", "category_id": 3, "category_name": "Sifter", "surface_area_in2": 5188.0, "rinse_volume_L": 21.0}, {"name": "SFT-103", "category_id": 3, "category_name": "Sifter", "surface_area_in2": 5291.0, "rinse_volume_L": 21.0}, {"name": "MM-101", "category_id": 4, "category_name": "Multi Mill", "surface_area_in2": 5397.0, "rinse_volume_L": 22.0}], "maco_pde": 6000.0, "maco_dose": 6000.0, "maco_10ppm": 300000.0, "governing_maco_pair": 6000.0, "total_rinse_vol_L": 129.0, "total_area_in2": 69871.0, "rinse_limit_ppm": 46.5116, "swab_limit_ppm": 7.7285, "loq_ppm": 0.2, "rinse_status": "PASS", "swab_status": "PASS"}, {"target_product": "Sorafenib", "shared_equipment": [{"name": "Reactor-101", "category_id": 1, "category_name": "Reactor", "surface_area_in2": 21117.0, "rinse_volume_L": 20.0}, {"name": "Reactor-102", "category_id": 1, "category_name": "Reactor", "surface_area_in2": 21539.0, "rinse_volume_L": 20.0}, {"name": "Reactor-105", "category_id": 1, "category_name": "Reactor", "surface_area_in2": 22858.0, "rinse_volume_L": 31.0}, {"name": "ANFD-102", "category_id": 2, "category_name": "Agitated Nutsche Filter Drier", "surface_area_in2": 11339.0, "rinse_volume_L": 25.0}, {"name": "SFT-102", "category_id": 3, "category_name": "Sifter", "surface_area_in2": 5188.0, "rinse_volume_L": 21.0}, {"name": "SFT-103", "category_id": 3, "category_name": "Sifter", "surface_area_in2": 5291.0, "rinse_volume_L": 21.0}, {"name": "MM-101", "category_id": 4, "category_name": "Multi Mill", "surface_area_in2": 5397.0, "rinse_volume_L": 22.0}, {"name": "MM-102", "category_id": 4, "category_name": "Multi Mill", "surface_area_in2": 5505.0, "rinse_volume_L": 22.0}], "maco_pde": 20000.0, "maco_dose": 20000.0, "maco_10ppm": 800000.0, "governing_maco_pair": 20000.0, "total_rinse_vol_L": 182.0, "total_area_in2": 98234.0, "rinse_limit_ppm": 109.8901, "swab_limit_ppm": 18.3236, "loq_ppm": 0.2, "rinse_status": "PASS", "swab_status": "PASS"}]
41	2026-05-21T05:38:19Z	admin	4	Sorafenib	0.12	200	0.3	0.09	HPLC	2250	[{"target_product": "Imatinib", "shared_equipment": [{"name": "Reactor-101", "category_id": 1, "category_name": "Reactor", "surface_area_in2": 21117.0, "rinse_volume_L": 20.0}, {"name": "Reactor-102", "category_id": 1, "category_name": "Reactor", "surface_area_in2": 21539.0, "rinse_volume_L": 20.0}, {"name": "Reactor-103", "category_id": 1, "category_name": "Reactor", "surface_area_in2": 21970.0, "rinse_volume_L": 28.0}, {"name": "Reactor-104", "category_id": 1, "category_name": "Reactor", "surface_area_in2": 21970.0, "rinse_volume_L": 30.0}, {"name": "ANFD-101", "category_id": 2, "category_name": "Agitated Nutsche Filter Drier", "surface_area_in2": 11117.0, "rinse_volume_L": 24.0}, {"name": "SFT-101", "category_id": 3, "category_name": "Sifter", "surface_area_in2": 5086.0, "rinse_volume_L": 20.0}, {"name": "SFT-103", "category_id": 3, "category_name": "Sifter", "surface_area_in2": 5291.0, "rinse_volume_L": 21.0}, {"name": "MM-101", "category_id": 4, "category_name": "Multi Mill", "surface_area_in2": 5397.0, "rinse_volume_L": 22.0}], "maco_pde": 6900.0, "maco_dose": 11500.0, "maco_10ppm": 460000.0, "governing_maco_pair": 6900.0, "total_rinse_vol_L": 185.0, "total_area_in2": 113487.0, "rinse_limit_ppm": 37.2973, "swab_limit_ppm": 5.472, "loq_ppm": 0.3, "rinse_status": "PASS", "swab_status": "PASS"}, {"target_product": "Abiraterone", "shared_equipment": [{"name": "Reactor-101", "category_id": 1, "category_name": "Reactor", "surface_area_in2": 21117.0, "rinse_volume_L": 20.0}, {"name": "Reactor-102", "category_id": 1, "category_name": "Reactor", "surface_area_in2": 21539.0, "rinse_volume_L": 20.0}, {"name": "Reactor-103", "category_id": 1, "category_name": "Reactor", "surface_area_in2": 21970.0, "rinse_volume_L": 28.0}, {"name": "ANFD-102", "category_id": 2, "category_name": "Agitated Nutsche Filter Drier", "surface_area_in2": 11339.0, "rinse_volume_L": 25.0}, {"name": "SFT-102", "category_id": 3, "category_name": "Sifter", "surface_area_in2": 5188.0, "rinse_volume_L": 21.0}, {"name": "SFT-103", "category_id": 3, "category_name": "Sifter", "surface_area_in2": 5291.0, "rinse_volume_L": 21.0}, {"name": "MM-101", "category_id": 4, "category_name": "Multi Mill", "surface_area_in2": 5397.0, "rinse_volume_L": 22.0}], "maco_pde": 3600.0, "maco_dose": 6000.0, "maco_10ppm": 300000.0, "governing_maco_pair": 3600.0, "total_rinse_vol_L": 157.0, "total_area_in2": 91841.0, "rinse_limit_ppm": 22.9299, "swab_limit_ppm": 3.5278, "loq_ppm": 0.3, "rinse_status": "PASS", "swab_status": "PASS"}, {"target_product": "Nilotinib ", "shared_equipment": [{"name": "Reactor-101", "category_id": 1, "category_name": "Reactor", "surface_area_in2": 21117.0, "rinse_volume_L": 20.0}, {"name": "Reactor-102", "category_id": 1, "category_name": "Reactor", "surface_area_in2": 21539.0, "rinse_volume_L": 20.0}, {"name": "Reactor-105", "category_id": 1, "category_name": "Reactor", "surface_area_in2": 22858.0, "rinse_volume_L": 31.0}, {"name": "ANFD-102", "category_id": 2, "category_name": "Agitated Nutsche Filter Drier", "surface_area_in2": 11339.0, "rinse_volume_L": 25.0}, {"name": "SFT-102", "category_id": 3, "category_name": "Sifter", "surface_area_in2": 5188.0, "rinse_volume_L": 21.0}, {"name": "SFT-103", "category_id": 3, "category_name": "Sifter", "surface_area_in2": 5291.0, "rinse_volume_L": 21.0}, {"name": "MM-101", "category_id": 4, "category_name": "Multi Mill", "surface_area_in2": 5397.0, "rinse_volume_L": 22.0}, {"name": "MM-102", "category_id": 4, "category_name": "Multi Mill", "surface_area_in2": 5505.0, "rinse_volume_L": 22.0}], "maco_pde": 2250.0, "maco_dose": 3750.0, "maco_10ppm": 150000.0, "governing_maco_pair": 2250.0, "total_rinse_vol_L": 182.0, "total_area_in2": 98234.0, "rinse_limit_ppm": 12.3626, "swab_limit_ppm": 2.0614, "loq_ppm": 0.3, "rinse_status": "PASS", "swab_status": "PASS"}]
42	2026-05-21T05:38:36Z	admin	1	Imatinib	0.167	400	0.05	0.031	HPLC	3131.25	[{"target_product": "Abiraterone", "shared_equipment": [{"name": "Reactor-101", "category_id": 1, "category_name": "Reactor", "surface_area_in2": 21117.0, "rinse_volume_L": 20.0}, {"name": "Reactor-102", "category_id": 1, "category_name": "Reactor", "surface_area_in2": 21539.0, "rinse_volume_L": 20.0}, {"name": "Reactor-103", "category_id": 1, "category_name": "Reactor", "surface_area_in2": 21970.0, "rinse_volume_L": 28.0}, {"name": "SFT-103", "category_id": 3, "category_name": "Sifter", "surface_area_in2": 5291.0, "rinse_volume_L": 21.0}, {"name": "MM-101", "category_id": 4, "category_name": "Multi Mill", "surface_area_in2": 5397.0, "rinse_volume_L": 22.0}], "maco_pde": 5010.0, "maco_dose": 12000.0, "maco_10ppm": 300000.0, "governing_maco_pair": 5010.0, "total_rinse_vol_L": 111.0, "total_area_in2": 75314.0, "rinse_limit_ppm": 45.1351, "swab_limit_ppm": 5.9869, "loq_ppm": 0.05, "rinse_status": "PASS", "swab_status": "PASS"}, {"target_product": "Sorafenib", "shared_equipment": [{"name": "Reactor-101", "category_id": 1, "category_name": "Reactor", "surface_area_in2": 21117.0, "rinse_volume_L": 20.0}, {"name": "Reactor-102", "category_id": 1, "category_name": "Reactor", "surface_area_in2": 21539.0, "rinse_volume_L": 20.0}, {"name": "Reactor-103", "category_id": 1, "category_name": "Reactor", "surface_area_in2": 21970.0, "rinse_volume_L": 28.0}, {"name": "Reactor-104", "category_id": 1, "category_name": "Reactor", "surface_area_in2": 21970.0, "rinse_volume_L": 30.0}, {"name": "ANFD-101", "category_id": 2, "category_name": "Agitated Nutsche Filter Drier", "surface_area_in2": 11117.0, "rinse_volume_L": 24.0}, {"name": "SFT-101", "category_id": 3, "category_name": "Sifter", "surface_area_in2": 5086.0, "rinse_volume_L": 20.0}, {"name": "SFT-103", "category_id": 3, "category_name": "Sifter", "surface_area_in2": 5291.0, "rinse_volume_L": 21.0}, {"name": "MM-101", "category_id": 4, "category_name": "Multi Mill", "surface_area_in2": 5397.0, "rinse_volume_L": 22.0}], "maco_pde": 16700.0, "maco_dose": 40000.0, "maco_10ppm": 800000.0, "governing_maco_pair": 16700.0, "total_rinse_vol_L": 185.0, "total_area_in2": 113487.0, "rinse_limit_ppm": 90.2703, "swab_limit_ppm": 13.2438, "loq_ppm": 0.05, "rinse_status": "PASS", "swab_status": "PASS"}, {"target_product": "Nilotinib ", "shared_equipment": [{"name": "Reactor-101", "category_id": 1, "category_name": "Reactor", "surface_area_in2": 21117.0, "rinse_volume_L": 20.0}, {"name": "Reactor-102", "category_id": 1, "category_name": "Reactor", "surface_area_in2": 21539.0, "rinse_volume_L": 20.0}, {"name": "SFT-103", "category_id": 3, "category_name": "Sifter", "surface_area_in2": 5291.0, "rinse_volume_L": 21.0}, {"name": "MM-101", "category_id": 4, "category_name": "Multi Mill", "surface_area_in2": 5397.0, "rinse_volume_L": 22.0}], "maco_pde": 3131.25, "maco_dose": 7500.0, "maco_10ppm": 150000.0, "governing_maco_pair": 3131.25, "total_rinse_vol_L": 83.0, "total_area_in2": 53344.0, "rinse_limit_ppm": 37.7259, "swab_limit_ppm": 5.2829, "loq_ppm": 0.05, "rinse_status": "PASS", "swab_status": "PASS"}]
43	2026-05-21T05:46:37Z	admin	2	Abiraterone	0.278	250	1.5	0.6	HPLC	4687.5	[{"target_product": "Imatinib", "shared_equipment": [{"name": "Reactor-101", "category_id": 1, "category_name": "Reactor", "surface_area_in2": 21117.0, "rinse_volume_L": 20.0}, {"name": "Reactor-102", "category_id": 1, "category_name": "Reactor", "surface_area_in2": 21539.0, "rinse_volume_L": 20.0}, {"name": "Reactor-103", "category_id": 1, "category_name": "Reactor", "surface_area_in2": 21970.0, "rinse_volume_L": 28.0}, {"name": "SFT-103", "category_id": 3, "category_name": "Sifter", "surface_area_in2": 5291.0, "rinse_volume_L": 21.0}, {"name": "MM-101", "category_id": 4, "category_name": "Multi Mill", "surface_area_in2": 5397.0, "rinse_volume_L": 22.0}], "maco_pde": 15985.0, "maco_dose": 14375.0, "maco_10ppm": 460000.0, "governing_maco_pair": 14375.0, "total_rinse_vol_L": 111.0, "total_area_in2": 75314.0, "rinse_limit_ppm": 129.5045, "swab_limit_ppm": 17.1781, "loq_ppm": 1.5, "rinse_status": "PASS", "swab_status": "PASS"}, {"target_product": "Sorafenib", "shared_equipment": [{"name": "Reactor-101", "category_id": 1, "category_name": "Reactor", "surface_area_in2": 21117.0, "rinse_volume_L": 20.0}, {"name": "Reactor-102", "category_id": 1, "category_name": "Reactor", "surface_area_in2": 21539.0, "rinse_volume_L": 20.0}, {"name": "Reactor-103", "category_id": 1, "category_name": "Reactor", "surface_area_in2": 21970.0, "rinse_volume_L": 28.0}, {"name": "ANFD-102", "category_id": 2, "category_name": "Agitated Nutsche Filter Drier", "surface_area_in2": 11339.0, "rinse_volume_L": 25.0}, {"name": "SFT-102", "category_id": 3, "category_name": "Sifter", "surface_area_in2": 5188.0, "rinse_volume_L": 21.0}, {"name": "SFT-103", "category_id": 3, "category_name": "Sifter", "surface_area_in2": 5291.0, "rinse_volume_L": 21.0}, {"name": "MM-101", "category_id": 4, "category_name": "Multi Mill", "surface_area_in2": 5397.0, "rinse_volume_L": 22.0}], "maco_pde": 27800.0, "maco_dose": 25000.0, "maco_10ppm": 800000.0, "governing_maco_pair": 25000.0, "total_rinse_vol_L": 157.0, "total_area_in2": 91841.0, "rinse_limit_ppm": 159.2357, "swab_limit_ppm": 24.4989, "loq_ppm": 1.5, "rinse_status": "PASS", "swab_status": "PASS"}, {"target_product": "Nilotinib ", "shared_equipment": [{"name": "Reactor-101", "category_id": 1, "category_name": "Reactor", "surface_area_in2": 21117.0, "rinse_volume_L": 20.0}, {"name": "Reactor-102", "category_id": 1, "category_name": "Reactor", "surface_area_in2": 21539.0, "rinse_volume_L": 20.0}, {"name": "ANFD-102", "category_id": 2, "category_name": "Agitated Nutsche Filter Drier", "surface_area_in2": 11339.0, "rinse_volume_L": 25.0}, {"name": "SFT-102", "category_id": 3, "category_name": "Sifter", "surface_area_in2": 5188.0, "rinse_volume_L": 21.0}, {"name": "SFT-103", "category_id": 3, "category_name": "Sifter", "surface_area_in2": 5291.0, "rinse_volume_L": 21.0}, {"name": "MM-101", "category_id": 4, "category_name": "Multi Mill", "surface_area_in2": 5397.0, "rinse_volume_L": 22.0}], "maco_pde": 5212.5, "maco_dose": 4687.5, "maco_10ppm": 150000.0, "governing_maco_pair": 4687.5, "total_rinse_vol_L": 129.0, "total_area_in2": 69871.0, "rinse_limit_ppm": 36.3372, "swab_limit_ppm": 6.0379, "loq_ppm": 1.5, "rinse_status": "PASS", "swab_status": "PASS"}]
44	2026-05-21T07:07:28Z	admin	5	Nilotinib 	0.2	200	0.2	0.06	HPLC	6000	[{"target_product": "Imatinib", "shared_equipment": [{"name": "Reactor-101", "category_id": 1, "category_name": "Reactor", "surface_area_in2": 21117.0, "rinse_volume_L": 20.0}, {"name": "Reactor-102", "category_id": 1, "category_name": "Reactor", "surface_area_in2": 21539.0, "rinse_volume_L": 20.0}, {"name": "SFT-103", "category_id": 3, "category_name": "Sifter", "surface_area_in2": 5291.0, "rinse_volume_L": 21.0}, {"name": "MM-101", "category_id": 4, "category_name": "Multi Mill", "surface_area_in2": 5397.0, "rinse_volume_L": 22.0}], "maco_pde": 11500.0, "maco_dose": 11500.0, "maco_10ppm": 460000.0, "governing_maco_pair": 11500.0, "total_rinse_vol_L": 83.0, "total_area_in2": 53344.0, "rinse_limit_ppm": 138.5542, "swab_limit_ppm": 19.4024, "loq_ppm": 0.2, "rinse_status": "PASS", "swab_status": "PASS"}, {"target_product": "Abiraterone", "shared_equipment": [{"name": "Reactor-101", "category_id": 1, "category_name": "Reactor", "surface_area_in2": 21117.0, "rinse_volume_L": 20.0}, {"name": "Reactor-102", "category_id": 1, "category_name": "Reactor", "surface_area_in2": 21539.0, "rinse_volume_L": 20.0}, {"name": "ANFD-102", "category_id": 2, "category_name": "Agitated Nutsche Filter Drier", "surface_area_in2": 11339.0, "rinse_volume_L": 25.0}, {"name": "SFT-102", "category_id": 3, "category_name": "Sifter", "surface_area_in2": 5188.0, "rinse_volume_L": 21.0}, {"name": "SFT-103", "category_id": 3, "category_name": "Sifter", "surface_area_in2": 5291.0, "rinse_volume_L": 21.0}, {"name": "MM-101", "category_id": 4, "category_name": "Multi Mill", "surface_area_in2": 5397.0, "rinse_volume_L": 22.0}], "maco_pde": 6000.0, "maco_dose": 6000.0, "maco_10ppm": 300000.0, "governing_maco_pair": 6000.0, "total_rinse_vol_L": 129.0, "total_area_in2": 69871.0, "rinse_limit_ppm": 46.5116, "swab_limit_ppm": 7.7285, "loq_ppm": 0.2, "rinse_status": "PASS", "swab_status": "PASS"}, {"target_product": "Sorafenib", "shared_equipment": [{"name": "Reactor-101", "category_id": 1, "category_name": "Reactor", "surface_area_in2": 21117.0, "rinse_volume_L": 20.0}, {"name": "Reactor-102", "category_id": 1, "category_name": "Reactor", "surface_area_in2": 21539.0, "rinse_volume_L": 20.0}, {"name": "Reactor-105", "category_id": 1, "category_name": "Reactor", "surface_area_in2": 22858.0, "rinse_volume_L": 31.0}, {"name": "ANFD-102", "category_id": 2, "category_name": "Agitated Nutsche Filter Drier", "surface_area_in2": 11339.0, "rinse_volume_L": 25.0}, {"name": "SFT-102", "category_id": 3, "category_name": "Sifter", "surface_area_in2": 5188.0, "rinse_volume_L": 21.0}, {"name": "SFT-103", "category_id": 3, "category_name": "Sifter", "surface_area_in2": 5291.0, "rinse_volume_L": 21.0}, {"name": "MM-101", "category_id": 4, "category_name": "Multi Mill", "surface_area_in2": 5397.0, "rinse_volume_L": 22.0}, {"name": "MM-102", "category_id": 4, "category_name": "Multi Mill", "surface_area_in2": 5505.0, "rinse_volume_L": 22.0}], "maco_pde": 20000.0, "maco_dose": 20000.0, "maco_10ppm": 800000.0, "governing_maco_pair": 20000.0, "total_rinse_vol_L": 182.0, "total_area_in2": 98234.0, "rinse_limit_ppm": 109.8901, "swab_limit_ppm": 18.3236, "loq_ppm": 0.2, "rinse_status": "PASS", "swab_status": "PASS"}]
\.


--
-- Data for Name: product_equipment; Type: TABLE DATA; Schema: public; Owner: postgres
--

COPY public.product_equipment (id, product_id, equipment_id) FROM stdin;
16	3	13
17	3	14
18	3	19
19	3	21
20	3	23
21	4	1
22	4	2
23	4	4
24	4	5
25	4	3
26	4	6
27	4	7
28	4	8
29	4	9
30	4	10
31	4	11
32	4	12
33	5	1
34	5	2
35	5	5
36	5	7
37	5	9
38	5	10
39	5	11
40	5	12
41	6	13
42	6	17
43	6	16
44	6	19
45	6	22
46	6	21
47	6	24
48	7	13
49	7	14
50	7	15
51	7	16
52	7	17
53	7	18
54	7	19
55	7	20
56	7	21
57	7	24
58	7	23
59	7	22
60	1	1
61	1	2
62	1	3
63	1	4
64	1	6
65	1	8
66	1	10
67	1	11
68	2	1
69	2	2
70	2	3
71	2	7
72	2	9
73	2	10
74	2	11
\.


--
-- Data for Name: products; Type: TABLE DATA; Schema: public; Owner: postgres
--

COPY public.products (product_id, product_name, facility_id, min_therapeutic_dose_mg, max_daily_dose_mg, pde_mg_day, min_yield_kg, max_batch_size_kg, lod_ppm, loq_ppm, analytical_method, solubility_usp, soluble_solvent, is_archived, archived_by, archived_at) FROM stdin;
1	Imatinib	1	400	800	0.167	46	60	0.031	0.05	HPLC	\N	\N	f	\N	\N
2	Abiraterone	1	250	1000	0.278	30	38	0.6	1.5	HPLC	\N	\N	f	\N	\N
3	Letrazole	2	2.5	2.5	0.003	50	58	0.003	0.005	HPLC	\N	\N	f	\N	\N
4	Sorafenib	1	200	800	0.12	80	88	0.09	0.3	HPLC	\N	\N	f	\N	\N
5	Nilotinib 	1	200	800	0.2	15	18	0.06	0.2	HPLC	\N	\N	f	\N	\N
6	Pomalidomide	2	5	25	0.005	2	5	0.05	0.2	HPLC	\N	\N	f	\N	\N
7	Lenalidomide	2	2.5	2.5	0.003	15	18	0.05	0.2	HPLC	\N	\N	f	\N	\N
\.


--
-- Data for Name: sampling_plan_entry; Type: TABLE DATA; Schema: public; Owner: postgres
--

COPY public.sampling_plan_entry (entry_id, category_id, sample_number, location_description, sequence) FROM stdin;
1	2	S-0001	Shaft	1
2	2	S-0002	Gasket	2
3	2	S-0003	Discharge Port	3
4	2	S-0004	Base Plate	4
5	4	S-0005	Blades	1
6	4	S-0006	Inner wall	2
7	1	S-0007	Agitator Shaft	1
8	1	S-0008	Bottom Valve	2
9	1	S-0009	Inner Wall	3
10	3	S-0010	Sifter Discharge Port	1
11	3	S-0011	Grooves	2
\.


--
-- Data for Name: system_config; Type: TABLE DATA; Schema: public; Owner: postgres
--

COPY public.system_config (config_key, config_value, updated_by, updated_at) FROM stdin;
maco_policy	all_min	admin	2026-05-16T17:38:09.324105
\.


--
-- Data for Name: users; Type: TABLE DATA; Schema: public; Owner: postgres
--

COPY public.users (user_id, username, password, role, is_archived, archived_by, archived_at, force_password_reset) FROM stdin;
1	admin	$2b$12$zct8A6CF4vsCs.MXCrOrWuqfgWsrOSE66IJY.reJ./A89sHfJtkXW	ADMIN	f	\N	\N	f
2	normaluser	$2b$12$k0JWm/wiceD5BjwrK5x2ROOYrc56EPcZ3cc1d7mc0EF.FA0oAPH06	VIEWER	f	\N	\N	f
3	kumarQA	$2b$12$W60ahAqUkVnpn6WiN70YFuQHJ/F091t3oDHcIwtqfHGvpBLqzmo8i	QA	f	\N	\N	f
4	headQA	$2b$12$C0q3Xy59C6XPvCt6ayMSeOy2LLDPpU1ya4Gzqa8PdMCYW2Z72coHW	HEAD_QA	f	\N	\N	t
\.


--
-- Name: audit_log_audit_id_seq; Type: SEQUENCE SET; Schema: public; Owner: postgres
--

SELECT pg_catalog.setval('public.audit_log_audit_id_seq', 276, true);


--
-- Name: cleaning_validation_reports_report_id_seq; Type: SEQUENCE SET; Schema: public; Owner: postgres
--

SELECT pg_catalog.setval('public.cleaning_validation_reports_report_id_seq', 2, true);


--
-- Name: continuous_cleaning_verifications_ccv_id_seq; Type: SEQUENCE SET; Schema: public; Owner: postgres
--

SELECT pg_catalog.setval('public.continuous_cleaning_verifications_ccv_id_seq', 2, true);


--
-- Name: equipment_category_category_id_seq; Type: SEQUENCE SET; Schema: public; Owner: postgres
--

SELECT pg_catalog.setval('public.equipment_category_category_id_seq', 4, true);


--
-- Name: equipment_equipment_id_seq; Type: SEQUENCE SET; Schema: public; Owner: postgres
--

SELECT pg_catalog.setval('public.equipment_equipment_id_seq', 24, true);


--
-- Name: facilities_facility_id_seq; Type: SEQUENCE SET; Schema: public; Owner: postgres
--

SELECT pg_catalog.setval('public.facilities_facility_id_seq', 3, true);


--
-- Name: maco_results_result_id_seq; Type: SEQUENCE SET; Schema: public; Owner: postgres
--

SELECT pg_catalog.setval('public.maco_results_result_id_seq', 1, true);


--
-- Name: maco_runs_run_id_seq; Type: SEQUENCE SET; Schema: public; Owner: postgres
--

SELECT pg_catalog.setval('public.maco_runs_run_id_seq', 44, true);


--
-- Name: product_equipment_id_seq; Type: SEQUENCE SET; Schema: public; Owner: postgres
--

SELECT pg_catalog.setval('public.product_equipment_id_seq', 74, true);


--
-- Name: products_product_id_seq; Type: SEQUENCE SET; Schema: public; Owner: postgres
--

SELECT pg_catalog.setval('public.products_product_id_seq', 7, true);


--
-- Name: protocol_archive_archive_id_seq; Type: SEQUENCE SET; Schema: public; Owner: postgres
--

SELECT pg_catalog.setval('public.protocol_archive_archive_id_seq', 4, true);


--
-- Name: sampling_plan_entry_entry_id_seq; Type: SEQUENCE SET; Schema: public; Owner: postgres
--

SELECT pg_catalog.setval('public.sampling_plan_entry_entry_id_seq', 11, true);


--
-- Name: users_user_id_seq; Type: SEQUENCE SET; Schema: public; Owner: postgres
--

SELECT pg_catalog.setval('public.users_user_id_seq', 4, true);


--
-- PostgreSQL database dump complete
--

\unrestrict 1DUaItdHGPzvzStL5cbXFwfw9k0BZxCyKNZCbu6he17FdBRbIa16rhpGXL550ad

